month,town,flat_type,resale_price,
2017-01,TAMPINES,2 ROOM,250000,
2017-01,TAMPINES,3 ROOM,270000,
2017-01,TAMPINES,3 ROOM,295000,
2017-01,TAMPINES,3 ROOM,300000,
2017-01,TAMPINES,3 ROOM,305000,
2017-01,TAMPINES,3 ROOM,308000,
2017-01,TAMPINES,3 ROOM,315000,
2017-01,TAMPINES,3 ROOM,318500,
2017-01,TAMPINES,3 ROOM,320000,
2017-01,TAMPINES,3 ROOM,323000,
2017-01,TAMPINES,3 ROOM,325000,
2017-01,TAMPINES,3 ROOM,328000,
2017-01,TAMPINES,3 ROOM,329000,
2017-01,TAMPINES,3 ROOM,333000,
2017-01,TAMPINES,3 ROOM,337000,
2017-01,TAMPINES,3 ROOM,345000,
2017-01,TAMPINES,3 ROOM,345000,
2017-01,TAMPINES,3 ROOM,345000,
2017-01,TAMPINES,3 ROOM,350000,
2017-01,TAMPINES,3 ROOM,350000,
2017-01,TAMPINES,3 ROOM,355000,
2017-01,TAMPINES,3 ROOM,355000,
2017-01,TAMPINES,4 ROOM,370000,
2017-01,TAMPINES,4 ROOM,385000,
2017-01,TAMPINES,4 ROOM,394000,
2017-01,TAMPINES,4 ROOM,395000,
2017-01,TAMPINES,4 ROOM,398000,
2017-01,TAMPINES,4 ROOM,400000,
2017-01,TAMPINES,4 ROOM,408000,
2017-01,TAMPINES,4 ROOM,408000,
2017-01,TAMPINES,4 ROOM,412000,
2017-01,TAMPINES,4 ROOM,413888,
2017-01,TAMPINES,4 ROOM,415000,
2017-01,TAMPINES,4 ROOM,416800,
2017-01,TAMPINES,4 ROOM,418000,
2017-01,TAMPINES,4 ROOM,420000,
2017-01,TAMPINES,4 ROOM,420000,
2017-01,TAMPINES,4 ROOM,420000,
2017-01,TAMPINES,4 ROOM,420000,
2017-01,TAMPINES,4 ROOM,423000,
2017-01,TAMPINES,4 ROOM,423000,
2017-01,TAMPINES,4 ROOM,428000,
2017-01,TAMPINES,4 ROOM,430000,
2017-01,TAMPINES,4 ROOM,430000,
2017-01,TAMPINES,4 ROOM,430000,
2017-01,TAMPINES,4 ROOM,435000,
2017-01,TAMPINES,4 ROOM,440000,
2017-01,TAMPINES,4 ROOM,440288,
2017-01,TAMPINES,4 ROOM,442000,
2017-01,TAMPINES,4 ROOM,443000,
2017-01,TAMPINES,4 ROOM,450000,
2017-01,TAMPINES,4 ROOM,450000,
2017-01,TAMPINES,4 ROOM,500000,
2017-01,TAMPINES,4 ROOM,510000,
2017-01,TAMPINES,5 ROOM,450000,
2017-01,TAMPINES,5 ROOM,455000,
2017-01,TAMPINES,5 ROOM,480000,
2017-01,TAMPINES,5 ROOM,490000,
2017-01,TAMPINES,5 ROOM,492000,
2017-01,TAMPINES,5 ROOM,495000,
2017-01,TAMPINES,5 ROOM,505000,
2017-01,TAMPINES,5 ROOM,505000,
2017-01,TAMPINES,5 ROOM,530000,
2017-01,TAMPINES,5 ROOM,540000,
2017-01,TAMPINES,5 ROOM,550000,
2017-01,TAMPINES,5 ROOM,550000,
2017-01,TAMPINES,5 ROOM,550000,
2017-01,TAMPINES,5 ROOM,555000,
2017-01,TAMPINES,5 ROOM,570000,
2017-01,TAMPINES,5 ROOM,570000,
2017-01,TAMPINES,5 ROOM,575000,
2017-01,TAMPINES,5 ROOM,608000,
2017-01,TAMPINES,5 ROOM,730000,
2017-01,TAMPINES,5 ROOM,730000,
2017-01,TAMPINES,EXECUTIVE,578000,
2017-01,TAMPINES,EXECUTIVE,600000,
2017-01,TAMPINES,EXECUTIVE,600000,
2017-01,TAMPINES,EXECUTIVE,618888,
2017-01,TAMPINES,EXECUTIVE,625000,
2017-01,TAMPINES,EXECUTIVE,698000,
2017-01,TAMPINES,EXECUTIVE,702000,
2017-01,TAMPINES,EXECUTIVE,830000,
2017-07,TAMPINES,3 ROOM,293000,
2017-07,TAMPINES,3 ROOM,298000,
2017-07,TAMPINES,3 ROOM,302000,
2017-07,TAMPINES,3 ROOM,303000,
2017-07,TAMPINES,3 ROOM,305000,
2017-07,TAMPINES,3 ROOM,308000,
2017-07,TAMPINES,3 ROOM,308000,
2017-07,TAMPINES,3 ROOM,310000,
2017-07,TAMPINES,3 ROOM,310000,
2017-07,TAMPINES,3 ROOM,310000,
2017-07,TAMPINES,3 ROOM,313800,
2017-07,TAMPINES,3 ROOM,315000,
2017-07,TAMPINES,3 ROOM,315000,
2017-07,TAMPINES,3 ROOM,320000,
2017-07,TAMPINES,3 ROOM,325000,
2017-07,TAMPINES,3 ROOM,338000,
2017-07,TAMPINES,3 ROOM,348000,
2017-07,TAMPINES,3 ROOM,360000,
2017-07,TAMPINES,3 ROOM,365000,
2017-07,TAMPINES,3 ROOM,375000,
2017-07,TAMPINES,3 ROOM,385000,
2017-07,TAMPINES,3 ROOM,395000,
2017-07,TAMPINES,4 ROOM,378000,
2017-07,TAMPINES,4 ROOM,385000,
2017-07,TAMPINES,4 ROOM,385000,
2017-07,TAMPINES,4 ROOM,388000,
2017-07,TAMPINES,4 ROOM,390000,
2017-07,TAMPINES,4 ROOM,390000,
2017-07,TAMPINES,4 ROOM,390000,
2017-07,TAMPINES,4 ROOM,395000,
2017-07,TAMPINES,4 ROOM,395000,
2017-07,TAMPINES,4 ROOM,400000,
2017-07,TAMPINES,4 ROOM,403000,
2017-07,TAMPINES,4 ROOM,405000,
2017-07,TAMPINES,4 ROOM,405000,
2017-07,TAMPINES,4 ROOM,410000,
2017-07,TAMPINES,4 ROOM,410000,
2017-07,TAMPINES,4 ROOM,410000,
2017-07,TAMPINES,4 ROOM,410000,
2017-07,TAMPINES,4 ROOM,410000,
2017-07,TAMPINES,4 ROOM,420000,
2017-07,TAMPINES,4 ROOM,420000,
2017-07,TAMPINES,4 ROOM,425000,
2017-07,TAMPINES,4 ROOM,425000,
2017-07,TAMPINES,4 ROOM,425000,
2017-07,TAMPINES,4 ROOM,425000,
2017-07,TAMPINES,4 ROOM,425000,
2017-07,TAMPINES,4 ROOM,425000,
2017-07,TAMPINES,4 ROOM,426000,
2017-07,TAMPINES,4 ROOM,430000,
2017-07,TAMPINES,4 ROOM,430000,
2017-07,TAMPINES,4 ROOM,438000,
2017-07,TAMPINES,4 ROOM,438888,
2017-07,TAMPINES,4 ROOM,455000,
2017-07,TAMPINES,4 ROOM,455000,
2017-07,TAMPINES,4 ROOM,460000,
2017-07,TAMPINES,4 ROOM,460000,
2017-07,TAMPINES,4 ROOM,460000,
2017-07,TAMPINES,4 ROOM,463000,
2017-07,TAMPINES,4 ROOM,465000,
2017-07,TAMPINES,4 ROOM,468000,
2017-07,TAMPINES,4 ROOM,472000,
2017-07,TAMPINES,4 ROOM,477500,
2017-07,TAMPINES,4 ROOM,480000,
2017-07,TAMPINES,4 ROOM,483000,
2017-07,TAMPINES,4 ROOM,500000,
2017-07,TAMPINES,4 ROOM,508000,
2017-07,TAMPINES,4 ROOM,515000,
2017-07,TAMPINES,4 ROOM,570000,
2017-07,TAMPINES,4 ROOM,468000,
2017-07,TAMPINES,5 ROOM,445000,
2017-07,TAMPINES,5 ROOM,450000,
2017-07,TAMPINES,5 ROOM,460000,
2017-07,TAMPINES,5 ROOM,470000,
2017-07,TAMPINES,5 ROOM,489000,
2017-07,TAMPINES,5 ROOM,500000,
2017-07,TAMPINES,5 ROOM,505000,
2017-07,TAMPINES,5 ROOM,505000,
2017-07,TAMPINES,5 ROOM,510000,
2017-07,TAMPINES,5 ROOM,513000,
2017-07,TAMPINES,5 ROOM,523000,
2017-07,TAMPINES,5 ROOM,530000,
2017-07,TAMPINES,5 ROOM,538000,
2017-07,TAMPINES,5 ROOM,550000,
2017-07,TAMPINES,5 ROOM,559000,
2017-07,TAMPINES,5 ROOM,568000,
2017-07,TAMPINES,5 ROOM,575000,
2017-07,TAMPINES,5 ROOM,575000,
2017-07,TAMPINES,5 ROOM,582500,
2017-07,TAMPINES,5 ROOM,645000,
2017-07,TAMPINES,5 ROOM,650000,
2017-07,TAMPINES,5 ROOM,658888,
2017-07,TAMPINES,EXECUTIVE,585000,
2017-07,TAMPINES,EXECUTIVE,590000,
2017-07,TAMPINES,EXECUTIVE,598000,
2017-07,TAMPINES,EXECUTIVE,600000,
2017-07,TAMPINES,EXECUTIVE,615000,
2017-07,TAMPINES,EXECUTIVE,640000,
2017-07,TAMPINES,EXECUTIVE,640000,
2017-07,TAMPINES,EXECUTIVE,655000,
2017-07,TAMPINES,EXECUTIVE,660000,
2017-07,TAMPINES,EXECUTIVE,665000,
2017-07,TAMPINES,EXECUTIVE,680000,
2017-07,TAMPINES,EXECUTIVE,700000,
2017-07,TAMPINES,EXECUTIVE,710000,
2017-07,TAMPINES,EXECUTIVE,735000,
2017-07,TAMPINES,EXECUTIVE,740000,
2017-07,TAMPINES,EXECUTIVE,750000,
2018-01,TAMPINES,3 ROOM,295000,
2018-01,TAMPINES,3 ROOM,315000,
2018-01,TAMPINES,3 ROOM,330000,
2018-01,TAMPINES,3 ROOM,330000,
2018-01,TAMPINES,3 ROOM,330000,
2018-01,TAMPINES,3 ROOM,350000,
2018-01,TAMPINES,4 ROOM,333000,
2018-01,TAMPINES,4 ROOM,368000,
2018-01,TAMPINES,4 ROOM,380000,
2018-01,TAMPINES,4 ROOM,385000,
2018-01,TAMPINES,4 ROOM,398888,
2018-01,TAMPINES,4 ROOM,410000,
2018-01,TAMPINES,4 ROOM,420000,
2018-01,TAMPINES,4 ROOM,420000,
2018-01,TAMPINES,4 ROOM,420000,
2018-01,TAMPINES,4 ROOM,430000,
2018-01,TAMPINES,4 ROOM,435000,
2018-01,TAMPINES,4 ROOM,440000,
2018-01,TAMPINES,4 ROOM,440000,
2018-01,TAMPINES,4 ROOM,440000,
2018-01,TAMPINES,4 ROOM,450000,
2018-01,TAMPINES,4 ROOM,450000,
2018-01,TAMPINES,4 ROOM,457000,
2018-01,TAMPINES,4 ROOM,459000,
2018-01,TAMPINES,4 ROOM,460000,
2018-01,TAMPINES,4 ROOM,465000,
2018-01,TAMPINES,4 ROOM,465000,
2018-01,TAMPINES,4 ROOM,480000,
2018-01,TAMPINES,4 ROOM,490888,
2018-01,TAMPINES,4 ROOM,520000,
2018-01,TAMPINES,5 ROOM,460000,
2018-01,TAMPINES,5 ROOM,463000,
2018-01,TAMPINES,5 ROOM,470000,
2018-01,TAMPINES,5 ROOM,478000,
2018-01,TAMPINES,5 ROOM,480000,
2018-01,TAMPINES,5 ROOM,485000,
2018-01,TAMPINES,5 ROOM,485000,
2018-01,TAMPINES,5 ROOM,500000,
2018-01,TAMPINES,5 ROOM,510000,
2018-01,TAMPINES,5 ROOM,513000,
2018-01,TAMPINES,5 ROOM,520000,
2018-01,TAMPINES,5 ROOM,525000,
2018-01,TAMPINES,5 ROOM,554000,
2018-01,TAMPINES,5 ROOM,555000,
2018-01,TAMPINES,5 ROOM,555000,
2018-01,TAMPINES,5 ROOM,565000,
2018-01,TAMPINES,5 ROOM,580000,
2018-01,TAMPINES,5 ROOM,745000,
2018-01,TAMPINES,EXECUTIVE,635000,
2018-01,TAMPINES,EXECUTIVE,648000,
2018-01,TAMPINES,EXECUTIVE,688000,
2018-01,TAMPINES,EXECUTIVE,690000,
2018-01,TAMPINES,EXECUTIVE,700000,
2018-01,TAMPINES,EXECUTIVE,780000,
2018-01,TAMPINES,EXECUTIVE,780000,
2018-01,TAMPINES,EXECUTIVE,830000,
2018-01,TAMPINES,EXECUTIVE,838000,
2018-07,TAMPINES,2 ROOM,263000,
2018-07,TAMPINES,2 ROOM,265000,
2018-07,TAMPINES,2 ROOM,265000,
2018-07,TAMPINES,2 ROOM,281000,
2018-07,TAMPINES,3 ROOM,285000,
2018-07,TAMPINES,3 ROOM,293888,
2018-07,TAMPINES,3 ROOM,295000,
2018-07,TAMPINES,3 ROOM,298000,
2018-07,TAMPINES,3 ROOM,310000,
2018-07,TAMPINES,3 ROOM,315000,
2018-07,TAMPINES,3 ROOM,315000,
2018-07,TAMPINES,3 ROOM,315000,
2018-07,TAMPINES,3 ROOM,320000,
2018-07,TAMPINES,3 ROOM,325000,
2018-07,TAMPINES,3 ROOM,325000,
2018-07,TAMPINES,3 ROOM,330000,
2018-07,TAMPINES,3 ROOM,330000,
2018-07,TAMPINES,3 ROOM,330000,
2018-07,TAMPINES,3 ROOM,342000,
2018-07,TAMPINES,3 ROOM,345000,
2018-07,TAMPINES,3 ROOM,345000,
2018-07,TAMPINES,3 ROOM,345000,
2018-07,TAMPINES,3 ROOM,350000,
2018-07,TAMPINES,3 ROOM,350000,
2018-07,TAMPINES,3 ROOM,380000,
2018-07,TAMPINES,4 ROOM,355000,
2018-07,TAMPINES,4 ROOM,360000,
2018-07,TAMPINES,4 ROOM,378000,
2018-07,TAMPINES,4 ROOM,385000,
2018-07,TAMPINES,4 ROOM,390000,
2018-07,TAMPINES,4 ROOM,395000,
2018-07,TAMPINES,4 ROOM,398000,
2018-07,TAMPINES,4 ROOM,400000,
2018-07,TAMPINES,4 ROOM,402000,
2018-07,TAMPINES,4 ROOM,405000,
2018-07,TAMPINES,4 ROOM,408000,
2018-07,TAMPINES,4 ROOM,410000,
2018-07,TAMPINES,4 ROOM,410000,
2018-07,TAMPINES,4 ROOM,413000,
2018-07,TAMPINES,4 ROOM,415000,
2018-07,TAMPINES,4 ROOM,415000,
2018-07,TAMPINES,4 ROOM,415000,
2018-07,TAMPINES,4 ROOM,415000,
2018-07,TAMPINES,4 ROOM,415000,
2018-07,TAMPINES,4 ROOM,418000,
2018-07,TAMPINES,4 ROOM,419000,
2018-07,TAMPINES,4 ROOM,420000,
2018-07,TAMPINES,4 ROOM,420000,
2018-07,TAMPINES,4 ROOM,420000,
2018-07,TAMPINES,4 ROOM,422000,
2018-07,TAMPINES,4 ROOM,425000,
2018-07,TAMPINES,4 ROOM,425000,
2018-07,TAMPINES,4 ROOM,425000,
2018-07,TAMPINES,4 ROOM,430000,
2018-07,TAMPINES,4 ROOM,430000,
2018-07,TAMPINES,4 ROOM,432000,
2018-07,TAMPINES,4 ROOM,435000,
2018-07,TAMPINES,4 ROOM,435000,
2018-07,TAMPINES,4 ROOM,435000,
2018-07,TAMPINES,4 ROOM,439888,
2018-07,TAMPINES,4 ROOM,440000,
2018-07,TAMPINES,4 ROOM,440888,
2018-07,TAMPINES,4 ROOM,445000,
2018-07,TAMPINES,4 ROOM,450000,
2018-07,TAMPINES,4 ROOM,450000,
2018-07,TAMPINES,4 ROOM,451000,
2018-07,TAMPINES,4 ROOM,455000,
2018-07,TAMPINES,4 ROOM,459000,
2018-07,TAMPINES,4 ROOM,460000,
2018-07,TAMPINES,4 ROOM,460000,
2018-07,TAMPINES,4 ROOM,460000,
2018-07,TAMPINES,4 ROOM,462500,
2018-07,TAMPINES,4 ROOM,467000,
2018-07,TAMPINES,4 ROOM,485000,
2018-07,TAMPINES,4 ROOM,495000,
2018-07,TAMPINES,4 ROOM,500000,
2018-07,TAMPINES,4 ROOM,507500,
2018-07,TAMPINES,4 ROOM,508000,
2018-07,TAMPINES,4 ROOM,520000,
2018-07,TAMPINES,4 ROOM,530000,
2018-07,TAMPINES,4 ROOM,535000,
2018-07,TAMPINES,4 ROOM,600000,
2018-07,TAMPINES,5 ROOM,455000,
2018-07,TAMPINES,5 ROOM,465000,
2018-07,TAMPINES,5 ROOM,475000,
2018-07,TAMPINES,5 ROOM,485000,
2018-07,TAMPINES,5 ROOM,485000,
2018-07,TAMPINES,5 ROOM,488000,
2018-07,TAMPINES,5 ROOM,488000,
2018-07,TAMPINES,5 ROOM,490000,
2018-07,TAMPINES,5 ROOM,495000,
2018-07,TAMPINES,5 ROOM,495000,
2018-07,TAMPINES,5 ROOM,495000,
2018-07,TAMPINES,5 ROOM,499000,
2018-07,TAMPINES,5 ROOM,502000,
2018-07,TAMPINES,5 ROOM,505000,
2018-07,TAMPINES,5 ROOM,505000,
2018-07,TAMPINES,5 ROOM,510000,
2018-07,TAMPINES,5 ROOM,510000,
2018-07,TAMPINES,5 ROOM,520000,
2018-07,TAMPINES,5 ROOM,520000,
2018-07,TAMPINES,5 ROOM,525000,
2018-07,TAMPINES,5 ROOM,527000,
2018-07,TAMPINES,5 ROOM,528000,
2018-07,TAMPINES,5 ROOM,530000,
2018-07,TAMPINES,5 ROOM,530000,
2018-07,TAMPINES,5 ROOM,530000,
2018-07,TAMPINES,5 ROOM,530000,
2018-07,TAMPINES,5 ROOM,540000,
2018-07,TAMPINES,5 ROOM,545000,
2018-07,TAMPINES,5 ROOM,545000,
2018-07,TAMPINES,5 ROOM,545000,
2018-07,TAMPINES,5 ROOM,553000,
2018-07,TAMPINES,5 ROOM,555000,
2018-07,TAMPINES,5 ROOM,555000,
2018-07,TAMPINES,5 ROOM,560000,
2018-07,TAMPINES,5 ROOM,560000,
2018-07,TAMPINES,5 ROOM,563000,
2018-07,TAMPINES,5 ROOM,565000,
2018-07,TAMPINES,5 ROOM,568000,
2018-07,TAMPINES,5 ROOM,568000,
2018-07,TAMPINES,5 ROOM,572888,
2018-07,TAMPINES,5 ROOM,575000,
2018-07,TAMPINES,5 ROOM,575000,
2018-07,TAMPINES,5 ROOM,578000,
2018-07,TAMPINES,5 ROOM,580000,
2018-07,TAMPINES,5 ROOM,580000,
2018-07,TAMPINES,5 ROOM,580000,
2018-07,TAMPINES,5 ROOM,590000,
2018-07,TAMPINES,5 ROOM,607000,
2018-07,TAMPINES,5 ROOM,618000,
2018-07,TAMPINES,5 ROOM,630000,
2018-07,TAMPINES,5 ROOM,743000,
2018-07,TAMPINES,5 ROOM,800000,
2018-07,TAMPINES,EXECUTIVE,595000,
2018-07,TAMPINES,EXECUTIVE,595000,
2018-07,TAMPINES,EXECUTIVE,598000,
2018-07,TAMPINES,EXECUTIVE,609000,
2018-07,TAMPINES,EXECUTIVE,615000,
2018-07,TAMPINES,EXECUTIVE,620000,
2018-07,TAMPINES,EXECUTIVE,620000,
2018-07,TAMPINES,EXECUTIVE,625000,
2018-07,TAMPINES,EXECUTIVE,640000,
2018-07,TAMPINES,EXECUTIVE,643000,
2018-07,TAMPINES,EXECUTIVE,655000,
2018-07,TAMPINES,EXECUTIVE,655000,
2018-07,TAMPINES,EXECUTIVE,655000,
2018-07,TAMPINES,EXECUTIVE,660880,
2018-07,TAMPINES,EXECUTIVE,668000,
2018-07,TAMPINES,EXECUTIVE,668888,
2018-07,TAMPINES,EXECUTIVE,680000,
2018-07,TAMPINES,EXECUTIVE,688000,
2018-07,TAMPINES,EXECUTIVE,705000,
2018-07,TAMPINES,EXECUTIVE,710000,
2018-07,TAMPINES,EXECUTIVE,715000,
2018-07,TAMPINES,EXECUTIVE,715000,
2018-07,TAMPINES,EXECUTIVE,730000,
2018-07,TAMPINES,EXECUTIVE,750000,
2018-07,TAMPINES,EXECUTIVE,780000,
2018-07,TAMPINES,EXECUTIVE,780000,
2018-07,TAMPINES,EXECUTIVE,780000,
2018-07,TAMPINES,EXECUTIVE,800000,
2018-07,TAMPINES,EXECUTIVE,800000,
2018-07,TAMPINES,EXECUTIVE,820000,
2019-01,TAMPINES,2 ROOM,270000,
2019-01,TAMPINES,2 ROOM,300000,
2019-01,TAMPINES,3 ROOM,260000,
2019-01,TAMPINES,3 ROOM,280000,
2019-01,TAMPINES,3 ROOM,290000,
2019-01,TAMPINES,3 ROOM,300000,
2019-01,TAMPINES,3 ROOM,305000,
2019-01,TAMPINES,3 ROOM,305000,
2019-01,TAMPINES,3 ROOM,306000,
2019-01,TAMPINES,3 ROOM,308000,
2019-01,TAMPINES,3 ROOM,310000,
2019-01,TAMPINES,3 ROOM,311500,
2019-01,TAMPINES,3 ROOM,319000,
2019-01,TAMPINES,3 ROOM,320000,
2019-01,TAMPINES,3 ROOM,320000,
2019-01,TAMPINES,3 ROOM,325000,
2019-01,TAMPINES,3 ROOM,335000,
2019-01,TAMPINES,3 ROOM,335000,
2019-01,TAMPINES,3 ROOM,335000,
2019-01,TAMPINES,3 ROOM,338000,
2019-01,TAMPINES,3 ROOM,338000,
2019-01,TAMPINES,3 ROOM,343500,
2019-01,TAMPINES,3 ROOM,350888,
2019-01,TAMPINES,4 ROOM,350000,
2019-01,TAMPINES,4 ROOM,395000,
2019-01,TAMPINES,4 ROOM,396000,
2019-01,TAMPINES,4 ROOM,398000,
2019-01,TAMPINES,4 ROOM,400000,
2019-01,TAMPINES,4 ROOM,400000,
2019-01,TAMPINES,4 ROOM,400000,
2019-01,TAMPINES,4 ROOM,400000,
2019-01,TAMPINES,4 ROOM,405000,
2019-01,TAMPINES,4 ROOM,410000,
2019-01,TAMPINES,4 ROOM,418000,
2019-01,TAMPINES,4 ROOM,418000,
2019-01,TAMPINES,4 ROOM,418000,
2019-01,TAMPINES,4 ROOM,420000,
2019-01,TAMPINES,4 ROOM,422000,
2019-01,TAMPINES,4 ROOM,423000,
2019-01,TAMPINES,4 ROOM,432888,
2019-01,TAMPINES,4 ROOM,435000,
2019-01,TAMPINES,4 ROOM,435000,
2019-01,TAMPINES,4 ROOM,440000,
2019-01,TAMPINES,4 ROOM,440000,
2019-01,TAMPINES,4 ROOM,447000,
2019-01,TAMPINES,4 ROOM,450000,
2019-01,TAMPINES,4 ROOM,455000,
2019-01,TAMPINES,4 ROOM,460000,
2019-01,TAMPINES,4 ROOM,460000,
2019-01,TAMPINES,4 ROOM,478000,
2019-01,TAMPINES,5 ROOM,458000,
2019-01,TAMPINES,5 ROOM,460000,
2019-01,TAMPINES,5 ROOM,475000,
2019-01,TAMPINES,5 ROOM,480000,
2019-01,TAMPINES,5 ROOM,490000,
2019-01,TAMPINES,5 ROOM,495000,
2019-01,TAMPINES,5 ROOM,495000,
2019-01,TAMPINES,5 ROOM,508800,
2019-01,TAMPINES,5 ROOM,510000,
2019-01,TAMPINES,5 ROOM,510000,
2019-01,TAMPINES,5 ROOM,515000,
2019-01,TAMPINES,5 ROOM,520000,
2019-01,TAMPINES,5 ROOM,520000,
2019-01,TAMPINES,5 ROOM,522000,
2019-01,TAMPINES,5 ROOM,530000,
2019-01,TAMPINES,5 ROOM,560000,
2019-01,TAMPINES,5 ROOM,600000,
2019-01,TAMPINES,EXECUTIVE,570000,
2019-01,TAMPINES,EXECUTIVE,625000,
2019-01,TAMPINES,EXECUTIVE,720000,
2019-07,TAMPINES,2 ROOM,240000,
2019-07,TAMPINES,2 ROOM,262000,
2019-07,TAMPINES,3 ROOM,286500,
2019-07,TAMPINES,3 ROOM,290000,
2019-07,TAMPINES,3 ROOM,305000,
2019-07,TAMPINES,3 ROOM,305000,
2019-07,TAMPINES,3 ROOM,315000,
2019-07,TAMPINES,3 ROOM,317000,
2019-07,TAMPINES,3 ROOM,318000,
2019-07,TAMPINES,3 ROOM,320000,
2019-07,TAMPINES,3 ROOM,320000,
2019-07,TAMPINES,3 ROOM,320000,
2019-07,TAMPINES,3 ROOM,325000,
2019-07,TAMPINES,3 ROOM,325000,
2019-07,TAMPINES,3 ROOM,330000,
2019-07,TAMPINES,3 ROOM,332000,
2019-07,TAMPINES,3 ROOM,340000,
2019-07,TAMPINES,3 ROOM,359000,
2019-07,TAMPINES,3 ROOM,360000,
2019-07,TAMPINES,3 ROOM,362000,
2019-07,TAMPINES,3 ROOM,363000,
2019-07,TAMPINES,3 ROOM,370000,
2019-07,TAMPINES,3 ROOM,375000,
2019-07,TAMPINES,3 ROOM,415000,
2019-07,TAMPINES,4 ROOM,370000,
2019-07,TAMPINES,4 ROOM,370000,
2019-07,TAMPINES,4 ROOM,372000,
2019-07,TAMPINES,4 ROOM,380000,
2019-07,TAMPINES,4 ROOM,380000,
2019-07,TAMPINES,4 ROOM,380000,
2019-07,TAMPINES,4 ROOM,386000,
2019-07,TAMPINES,4 ROOM,388000,
2019-07,TAMPINES,4 ROOM,390000,
2019-07,TAMPINES,4 ROOM,390000,
2019-07,TAMPINES,4 ROOM,390000,
2019-07,TAMPINES,4 ROOM,391000,
2019-07,TAMPINES,4 ROOM,392000,
2019-07,TAMPINES,4 ROOM,395000,
2019-07,TAMPINES,4 ROOM,395000,
2019-07,TAMPINES,4 ROOM,397000,
2019-07,TAMPINES,4 ROOM,400000,
2019-07,TAMPINES,4 ROOM,410000,
2019-07,TAMPINES,4 ROOM,410000,
2019-07,TAMPINES,4 ROOM,410000,
2019-07,TAMPINES,4 ROOM,415000,
2019-07,TAMPINES,4 ROOM,415000,
2019-07,TAMPINES,4 ROOM,418000,
2019-07,TAMPINES,4 ROOM,420000,
2019-07,TAMPINES,4 ROOM,420000,
2019-07,TAMPINES,4 ROOM,420000,
2019-07,TAMPINES,4 ROOM,420000,
2019-07,TAMPINES,4 ROOM,420000,
2019-07,TAMPINES,4 ROOM,420000,
2019-07,TAMPINES,4 ROOM,420000,
2019-07,TAMPINES,4 ROOM,420000,
2019-07,TAMPINES,4 ROOM,420888,
2019-07,TAMPINES,4 ROOM,425000,
2019-07,TAMPINES,4 ROOM,425000,
2019-07,TAMPINES,4 ROOM,425000,
2019-07,TAMPINES,4 ROOM,427000,
2019-07,TAMPINES,4 ROOM,428000,
2019-07,TAMPINES,4 ROOM,435000,
2019-07,TAMPINES,4 ROOM,435000,
2019-07,TAMPINES,4 ROOM,435000,
2019-07,TAMPINES,4 ROOM,440000,
2019-07,TAMPINES,4 ROOM,440000,
2019-07,TAMPINES,4 ROOM,440000,
2019-07,TAMPINES,4 ROOM,447000,
2019-07,TAMPINES,4 ROOM,448388,
2019-07,TAMPINES,4 ROOM,450000,
2019-07,TAMPINES,4 ROOM,450000,
2019-07,TAMPINES,4 ROOM,455000,
2019-07,TAMPINES,4 ROOM,455000,
2019-07,TAMPINES,4 ROOM,455000,
2019-07,TAMPINES,4 ROOM,455000,
2019-07,TAMPINES,4 ROOM,460000,
2019-07,TAMPINES,4 ROOM,460000,
2019-07,TAMPINES,4 ROOM,470000,
2019-07,TAMPINES,4 ROOM,492000,
2019-07,TAMPINES,4 ROOM,495000,
2019-07,TAMPINES,4 ROOM,500000,
2019-07,TAMPINES,4 ROOM,500000,
2019-07,TAMPINES,4 ROOM,505000,
2019-07,TAMPINES,4 ROOM,515000,
2019-07,TAMPINES,4 ROOM,520000,
2019-07,TAMPINES,4 ROOM,550000,
2019-07,TAMPINES,4 ROOM,600000,
2019-07,TAMPINES,4 ROOM,615000,
2019-07,TAMPINES,4 ROOM,640000,
2019-07,TAMPINES,4 ROOM,718000,
2019-07,TAMPINES,5 ROOM,440000,
2019-07,TAMPINES,5 ROOM,455000,
2019-07,TAMPINES,5 ROOM,463000,
2019-07,TAMPINES,5 ROOM,465000,
2019-07,TAMPINES,5 ROOM,465000,
2019-07,TAMPINES,5 ROOM,475000,
2019-07,TAMPINES,5 ROOM,483000,
2019-07,TAMPINES,5 ROOM,485000,
2019-07,TAMPINES,5 ROOM,488000,
2019-07,TAMPINES,5 ROOM,500000,
2019-07,TAMPINES,5 ROOM,500000,
2019-07,TAMPINES,5 ROOM,503000,
2019-07,TAMPINES,5 ROOM,505000,
2019-07,TAMPINES,5 ROOM,510000,
2019-07,TAMPINES,5 ROOM,510000,
2019-07,TAMPINES,5 ROOM,512000,
2019-07,TAMPINES,5 ROOM,519000,
2019-07,TAMPINES,5 ROOM,520000,
2019-07,TAMPINES,5 ROOM,520000,
2019-07,TAMPINES,5 ROOM,522000,
2019-07,TAMPINES,5 ROOM,522000,
2019-07,TAMPINES,5 ROOM,523500,
2019-07,TAMPINES,5 ROOM,525000,
2019-07,TAMPINES,5 ROOM,530000,
2019-07,TAMPINES,5 ROOM,535000,
2019-07,TAMPINES,5 ROOM,540000,
2019-07,TAMPINES,5 ROOM,545000,
2019-07,TAMPINES,5 ROOM,550000,
2019-07,TAMPINES,5 ROOM,551000,
2019-07,TAMPINES,5 ROOM,552000,
2019-07,TAMPINES,5 ROOM,558000,
2019-07,TAMPINES,5 ROOM,560000,
2019-07,TAMPINES,5 ROOM,570000,
2019-07,TAMPINES,5 ROOM,583000,
2019-07,TAMPINES,5 ROOM,605000,
2019-07,TAMPINES,5 ROOM,635000,
2019-07,TAMPINES,5 ROOM,668000,
2019-07,TAMPINES,5 ROOM,688000,
2019-07,TAMPINES,5 ROOM,701888,
2019-07,TAMPINES,5 ROOM,725000,
2019-07,TAMPINES,5 ROOM,728000,
2019-07,TAMPINES,5 ROOM,812888,
2019-07,TAMPINES,EXECUTIVE,606000,
2019-07,TAMPINES,EXECUTIVE,642000,
2019-07,TAMPINES,EXECUTIVE,669000,
2019-07,TAMPINES,EXECUTIVE,718000,
2019-07,TAMPINES,EXECUTIVE,728000,
2019-07,TAMPINES,EXECUTIVE,765000,
2020-01,TAMPINES,2 ROOM,282000,
2020-01,TAMPINES,3 ROOM,395000,
2020-01,TAMPINES,3 ROOM,408000,
2020-01,TAMPINES,3 ROOM,385000,
2020-01,TAMPINES,3 ROOM,303000,
2020-01,TAMPINES,3 ROOM,370000,
2020-01,TAMPINES,3 ROOM,385000,
2020-01,TAMPINES,3 ROOM,320000,
2020-01,TAMPINES,3 ROOM,268000,
2020-01,TAMPINES,3 ROOM,348000,
2020-01,TAMPINES,3 ROOM,318000,
2020-01,TAMPINES,3 ROOM,328000,
2020-01,TAMPINES,3 ROOM,330000,
2020-01,TAMPINES,3 ROOM,316888,
2020-01,TAMPINES,3 ROOM,365000,
2020-01,TAMPINES,3 ROOM,297000,
2020-01,TAMPINES,3 ROOM,325000,
2020-01,TAMPINES,3 ROOM,295000,
2020-01,TAMPINES,3 ROOM,313000,
2020-01,TAMPINES,3 ROOM,345000,
2020-01,TAMPINES,3 ROOM,303000,
2020-01,TAMPINES,3 ROOM,355000,
2020-01,TAMPINES,3 ROOM,315000,
2020-01,TAMPINES,3 ROOM,285000,
2020-01,TAMPINES,3 ROOM,320000,
2020-01,TAMPINES,3 ROOM,300000,
2020-01,TAMPINES,3 ROOM,300000,
2020-01,TAMPINES,3 ROOM,296000,
2020-01,TAMPINES,3 ROOM,320000,
2020-01,TAMPINES,3 ROOM,293000,
2020-01,TAMPINES,3 ROOM,270000,
2020-01,TAMPINES,3 ROOM,338000,
2020-01,TAMPINES,4 ROOM,438000,
2020-01,TAMPINES,4 ROOM,455000,
2020-01,TAMPINES,4 ROOM,445000,
2020-01,TAMPINES,4 ROOM,533000,
2020-01,TAMPINES,4 ROOM,521000,
2020-01,TAMPINES,4 ROOM,575000,
2020-01,TAMPINES,4 ROOM,530000,
2020-01,TAMPINES,4 ROOM,405000,
2020-01,TAMPINES,4 ROOM,415000,
2020-01,TAMPINES,4 ROOM,430000,
2020-01,TAMPINES,4 ROOM,423888,
2020-01,TAMPINES,4 ROOM,490000,
2020-01,TAMPINES,4 ROOM,510000,
2020-01,TAMPINES,4 ROOM,570000,
2020-01,TAMPINES,4 ROOM,590000,
2020-01,TAMPINES,4 ROOM,580000,
2020-01,TAMPINES,4 ROOM,510000,
2020-01,TAMPINES,4 ROOM,555000,
2020-01,TAMPINES,4 ROOM,510000,
2020-01,TAMPINES,4 ROOM,570000,
2020-01,TAMPINES,4 ROOM,650888,
2020-01,TAMPINES,4 ROOM,430000,
2020-01,TAMPINES,4 ROOM,467000,
2020-01,TAMPINES,4 ROOM,422000,
2020-01,TAMPINES,4 ROOM,370000,
2020-01,TAMPINES,4 ROOM,390000,
2020-01,TAMPINES,4 ROOM,390000,
2020-01,TAMPINES,4 ROOM,349000,
2020-01,TAMPINES,4 ROOM,335000,
2020-01,TAMPINES,4 ROOM,400000,
2020-01,TAMPINES,4 ROOM,423000,
2020-01,TAMPINES,4 ROOM,370000,
2020-01,TAMPINES,4 ROOM,400000,
2020-01,TAMPINES,4 ROOM,373000,
2020-01,TAMPINES,4 ROOM,453000,
2020-01,TAMPINES,4 ROOM,415000,
2020-01,TAMPINES,4 ROOM,440000,
2020-01,TAMPINES,4 ROOM,423000,
2020-01,TAMPINES,4 ROOM,405000,
2020-01,TAMPINES,4 ROOM,428000,
2020-01,TAMPINES,4 ROOM,422000,
2020-01,TAMPINES,4 ROOM,390000,
2020-01,TAMPINES,4 ROOM,365000,
2020-01,TAMPINES,4 ROOM,396000,
2020-01,TAMPINES,4 ROOM,360000,
2020-01,TAMPINES,4 ROOM,415000,
2020-01,TAMPINES,4 ROOM,422000,
2020-01,TAMPINES,4 ROOM,398000,
2020-01,TAMPINES,4 ROOM,382000,
2020-01,TAMPINES,4 ROOM,380000,
2020-01,TAMPINES,5 ROOM,780000,
2020-01,TAMPINES,5 ROOM,500000,
2020-01,TAMPINES,5 ROOM,535000,
2020-01,TAMPINES,5 ROOM,575000,
2020-01,TAMPINES,5 ROOM,525000,
2020-01,TAMPINES,5 ROOM,530000,
2020-01,TAMPINES,5 ROOM,500000,
2020-01,TAMPINES,5 ROOM,570000,
2020-01,TAMPINES,5 ROOM,568000,
2020-01,TAMPINES,5 ROOM,505000,
2020-01,TAMPINES,5 ROOM,480000,
2020-01,TAMPINES,5 ROOM,560000,
2020-01,TAMPINES,5 ROOM,500000,
2020-01,TAMPINES,5 ROOM,518000,
2020-01,TAMPINES,5 ROOM,733000,
2020-01,TAMPINES,5 ROOM,718000,
2020-01,TAMPINES,5 ROOM,698888,
2020-01,TAMPINES,5 ROOM,483000,
2020-01,TAMPINES,5 ROOM,554000,
2020-01,TAMPINES,5 ROOM,505000,
2020-01,TAMPINES,5 ROOM,470000,
2020-01,TAMPINES,5 ROOM,545000,
2020-01,TAMPINES,5 ROOM,480000,
2020-01,TAMPINES,5 ROOM,557000,
2020-01,TAMPINES,5 ROOM,550000,
2020-01,TAMPINES,5 ROOM,515000,
2020-01,TAMPINES,5 ROOM,505000,
2020-01,TAMPINES,5 ROOM,475000,
2020-01,TAMPINES,5 ROOM,510000,
2020-01,TAMPINES,5 ROOM,495000,
2020-01,TAMPINES,5 ROOM,525000,
2020-01,TAMPINES,5 ROOM,550000,
2020-01,TAMPINES,5 ROOM,500000,
2020-01,TAMPINES,5 ROOM,520000,
2020-01,TAMPINES,5 ROOM,518000,
2020-01,TAMPINES,EXECUTIVE,745000,
2020-01,TAMPINES,EXECUTIVE,695000,
2020-01,TAMPINES,EXECUTIVE,661888,
2020-01,TAMPINES,EXECUTIVE,812000,
2020-01,TAMPINES,EXECUTIVE,780000,
2020-01,TAMPINES,EXECUTIVE,628888,
2020-01,TAMPINES,EXECUTIVE,665000,
2020-01,TAMPINES,EXECUTIVE,611888,
2020-01,TAMPINES,EXECUTIVE,590000,
2020-01,TAMPINES,EXECUTIVE,750000,
2020-07,TAMPINES,3 ROOM,405000,
2020-07,TAMPINES,3 ROOM,330000,
2020-07,TAMPINES,3 ROOM,350000,
2020-07,TAMPINES,3 ROOM,390000,
2020-07,TAMPINES,3 ROOM,412000,
2020-07,TAMPINES,3 ROOM,410000,
2020-07,TAMPINES,3 ROOM,385000,
2020-07,TAMPINES,3 ROOM,497000,
2020-07,TAMPINES,3 ROOM,460000,
2020-07,TAMPINES,3 ROOM,285000,
2020-07,TAMPINES,3 ROOM,320888,
2020-07,TAMPINES,3 ROOM,309000,
2020-07,TAMPINES,3 ROOM,275000,
2020-07,TAMPINES,3 ROOM,313000,
2020-07,TAMPINES,3 ROOM,315000,
2020-07,TAMPINES,3 ROOM,335000,
2020-07,TAMPINES,3 ROOM,300000,
2020-07,TAMPINES,3 ROOM,340000,
2020-07,TAMPINES,3 ROOM,322000,
2020-07,TAMPINES,3 ROOM,313800,
2020-07,TAMPINES,3 ROOM,260000,
2020-07,TAMPINES,3 ROOM,315000,
2020-07,TAMPINES,3 ROOM,306500,
2020-07,TAMPINES,3 ROOM,338000,
2020-07,TAMPINES,3 ROOM,262000,
2020-07,TAMPINES,3 ROOM,300888,
2020-07,TAMPINES,3 ROOM,390000,
2020-07,TAMPINES,3 ROOM,320000,
2020-07,TAMPINES,3 ROOM,335000,
2020-07,TAMPINES,3 ROOM,305000,
2020-07,TAMPINES,3 ROOM,343000,
2020-07,TAMPINES,3 ROOM,366000,
2020-07,TAMPINES,4 ROOM,655000,
2020-07,TAMPINES,4 ROOM,458000,
2020-07,TAMPINES,4 ROOM,460000,
2020-07,TAMPINES,4 ROOM,395000,
2020-07,TAMPINES,4 ROOM,374000,
2020-07,TAMPINES,4 ROOM,350000,
2020-07,TAMPINES,4 ROOM,464000,
2020-07,TAMPINES,4 ROOM,411000,
2020-07,TAMPINES,4 ROOM,430118,
2020-07,TAMPINES,4 ROOM,430000,
2020-07,TAMPINES,4 ROOM,465000,
2020-07,TAMPINES,4 ROOM,480000,
2020-07,TAMPINES,4 ROOM,505000,
2020-07,TAMPINES,4 ROOM,560000,
2020-07,TAMPINES,4 ROOM,550000,
2020-07,TAMPINES,4 ROOM,558000,
2020-07,TAMPINES,4 ROOM,410000,
2020-07,TAMPINES,4 ROOM,435000,
2020-07,TAMPINES,4 ROOM,435000,
2020-07,TAMPINES,4 ROOM,428000,
2020-07,TAMPINES,4 ROOM,470000,
2020-07,TAMPINES,4 ROOM,545000,
2020-07,TAMPINES,4 ROOM,503000,
2020-07,TAMPINES,4 ROOM,392000,
2020-07,TAMPINES,4 ROOM,458000,
2020-07,TAMPINES,4 ROOM,410000,
2020-07,TAMPINES,4 ROOM,463000,
2020-07,TAMPINES,4 ROOM,578000,
2020-07,TAMPINES,4 ROOM,500000,
2020-07,TAMPINES,4 ROOM,615000,
2020-07,TAMPINES,4 ROOM,365000,
2020-07,TAMPINES,4 ROOM,490000,
2020-07,TAMPINES,4 ROOM,415000,
2020-07,TAMPINES,4 ROOM,450000,
2020-07,TAMPINES,4 ROOM,468500,
2020-07,TAMPINES,4 ROOM,400000,
2020-07,TAMPINES,4 ROOM,385000,
2020-07,TAMPINES,4 ROOM,400000,
2020-07,TAMPINES,4 ROOM,460000,
2020-07,TAMPINES,4 ROOM,408000,
2020-07,TAMPINES,4 ROOM,430000,
2020-07,TAMPINES,4 ROOM,385000,
2020-07,TAMPINES,4 ROOM,390000,
2020-07,TAMPINES,4 ROOM,420000,
2020-07,TAMPINES,4 ROOM,400000,
2020-07,TAMPINES,4 ROOM,448000,
2020-07,TAMPINES,4 ROOM,393000,
2020-07,TAMPINES,4 ROOM,388000,
2020-07,TAMPINES,4 ROOM,440000,
2020-07,TAMPINES,4 ROOM,405000,
2020-07,TAMPINES,4 ROOM,418000,
2020-07,TAMPINES,4 ROOM,400000,
2020-07,TAMPINES,4 ROOM,400000,
2020-07,TAMPINES,4 ROOM,405000,
2020-07,TAMPINES,4 ROOM,365000,
2020-07,TAMPINES,4 ROOM,405000,
2020-07,TAMPINES,4 ROOM,430000,
2020-07,TAMPINES,4 ROOM,420000,
2020-07,TAMPINES,4 ROOM,440000,
2020-07,TAMPINES,4 ROOM,400000,
2020-07,TAMPINES,4 ROOM,395000,
2020-07,TAMPINES,4 ROOM,450000,
2020-07,TAMPINES,4 ROOM,365000,
2020-07,TAMPINES,4 ROOM,410000,
2020-07,TAMPINES,4 ROOM,374000,
2020-07,TAMPINES,4 ROOM,435000,
2020-07,TAMPINES,4 ROOM,370000,
2020-07,TAMPINES,4 ROOM,416000,
2020-07,TAMPINES,4 ROOM,415000,
2020-07,TAMPINES,4 ROOM,380000,
2020-07,TAMPINES,4 ROOM,440000,
2020-07,TAMPINES,4 ROOM,415000,
2020-07,TAMPINES,4 ROOM,467000,
2020-07,TAMPINES,4 ROOM,395000,
2020-07,TAMPINES,4 ROOM,415000,
2020-07,TAMPINES,4 ROOM,425000,
2020-07,TAMPINES,5 ROOM,690000,
2020-07,TAMPINES,5 ROOM,488000,
2020-07,TAMPINES,5 ROOM,560000,
2020-07,TAMPINES,5 ROOM,545000,
2020-07,TAMPINES,5 ROOM,550000,
2020-07,TAMPINES,5 ROOM,530000,
2020-07,TAMPINES,5 ROOM,520000,
2020-07,TAMPINES,5 ROOM,484000,
2020-07,TAMPINES,5 ROOM,830000,
2020-07,TAMPINES,5 ROOM,700000,
2020-07,TAMPINES,5 ROOM,710000,
2020-07,TAMPINES,5 ROOM,758888,
2020-07,TAMPINES,5 ROOM,580000,
2020-07,TAMPINES,5 ROOM,500000,
2020-07,TAMPINES,5 ROOM,470000,
2020-07,TAMPINES,5 ROOM,505000,
2020-07,TAMPINES,5 ROOM,530000,
2020-07,TAMPINES,5 ROOM,520000,
2020-07,TAMPINES,5 ROOM,570000,
2020-07,TAMPINES,5 ROOM,450000,
2020-07,TAMPINES,5 ROOM,510000,
2020-07,TAMPINES,5 ROOM,525000,
2020-07,TAMPINES,5 ROOM,501688,
2020-07,TAMPINES,5 ROOM,510000,
2020-07,TAMPINES,5 ROOM,550000,
2020-07,TAMPINES,5 ROOM,455000,
2020-07,TAMPINES,5 ROOM,463000,
2020-07,TAMPINES,5 ROOM,460000,
2020-07,TAMPINES,5 ROOM,490000,
2020-07,TAMPINES,5 ROOM,450000,
2020-07,TAMPINES,5 ROOM,530000,
2020-07,TAMPINES,5 ROOM,525000,
2020-07,TAMPINES,5 ROOM,448000,
2020-07,TAMPINES,5 ROOM,480000,
2020-07,TAMPINES,5 ROOM,518000,
2020-07,TAMPINES,5 ROOM,508000,
2020-07,TAMPINES,5 ROOM,527000,
2020-07,TAMPINES,5 ROOM,580000,
2020-07,TAMPINES,5 ROOM,536500,
2020-07,TAMPINES,5 ROOM,538000,
2020-07,TAMPINES,5 ROOM,510000,
2020-07,TAMPINES,5 ROOM,540000,
2020-07,TAMPINES,5 ROOM,625000,
2020-07,TAMPINES,EXECUTIVE,745000,
2020-07,TAMPINES,EXECUTIVE,743000,
2020-07,TAMPINES,EXECUTIVE,725000,
2020-07,TAMPINES,EXECUTIVE,750000,
2020-07,TAMPINES,EXECUTIVE,740000,
2020-07,TAMPINES,EXECUTIVE,675000,
2020-07,TAMPINES,EXECUTIVE,778000,
2020-07,TAMPINES,EXECUTIVE,685000,
2020-07,TAMPINES,EXECUTIVE,680000,
2020-07,TAMPINES,EXECUTIVE,668000,
2020-07,TAMPINES,EXECUTIVE,683000,
2020-07,TAMPINES,EXECUTIVE,610000,
2020-07,TAMPINES,EXECUTIVE,665000,
2020-07,TAMPINES,EXECUTIVE,630000,
2020-07,TAMPINES,EXECUTIVE,615000,
2020-07,TAMPINES,EXECUTIVE,610000,
2020-07,TAMPINES,EXECUTIVE,570000,
2020-07,TAMPINES,EXECUTIVE,720000,
2020-07,TAMPINES,EXECUTIVE,730000,
2021-01,TAMPINES,2 ROOM,238000,
2021-01,TAMPINES,2 ROOM,270000,
2021-01,TAMPINES,3 ROOM,290000,
2021-01,TAMPINES,3 ROOM,301000,
2021-01,TAMPINES,3 ROOM,308000,
2021-01,TAMPINES,3 ROOM,310000,
2021-01,TAMPINES,3 ROOM,315000,
2021-01,TAMPINES,3 ROOM,315000,
2021-01,TAMPINES,3 ROOM,317000,
2021-01,TAMPINES,3 ROOM,318000,
2021-01,TAMPINES,3 ROOM,318000,
2021-01,TAMPINES,3 ROOM,320000,
2021-01,TAMPINES,3 ROOM,320000,
2021-01,TAMPINES,3 ROOM,327000,
2021-01,TAMPINES,3 ROOM,330000,
2021-01,TAMPINES,3 ROOM,335000,
2021-01,TAMPINES,3 ROOM,335000,
2021-01,TAMPINES,3 ROOM,336888,
2021-01,TAMPINES,3 ROOM,338000,
2021-01,TAMPINES,3 ROOM,338000,
2021-01,TAMPINES,3 ROOM,338000,
2021-01,TAMPINES,3 ROOM,340000,
2021-01,TAMPINES,3 ROOM,340000,
2021-01,TAMPINES,3 ROOM,345000,
2021-01,TAMPINES,3 ROOM,350000,
2021-01,TAMPINES,3 ROOM,352000,
2021-01,TAMPINES,3 ROOM,355000,
2021-01,TAMPINES,3 ROOM,358000,
2021-01,TAMPINES,3 ROOM,360000,
2021-01,TAMPINES,3 ROOM,360000,
2021-01,TAMPINES,3 ROOM,360000,
2021-01,TAMPINES,3 ROOM,360000,
2021-01,TAMPINES,3 ROOM,360000,
2021-01,TAMPINES,3 ROOM,370000,
2021-01,TAMPINES,4 ROOM,375000,
2021-01,TAMPINES,4 ROOM,380000,
2021-01,TAMPINES,4 ROOM,380000,
2021-01,TAMPINES,4 ROOM,382000,
2021-01,TAMPINES,4 ROOM,386000,
2021-01,TAMPINES,4 ROOM,390000,
2021-01,TAMPINES,3 ROOM,390000,
2021-01,TAMPINES,4 ROOM,390000,
2021-01,TAMPINES,4 ROOM,393000,
2021-01,TAMPINES,3 ROOM,393888,
2021-01,TAMPINES,3 ROOM,395000,
2021-01,TAMPINES,4 ROOM,395000,
2021-01,TAMPINES,3 ROOM,399885,
2021-01,TAMPINES,4 ROOM,400000,
2021-01,TAMPINES,4 ROOM,402000,
2021-01,TAMPINES,3 ROOM,405000,
2021-01,TAMPINES,4 ROOM,410000,
2021-01,TAMPINES,4 ROOM,410000,
2021-01,TAMPINES,3 ROOM,410000,
2021-01,TAMPINES,4 ROOM,410000,
2021-01,TAMPINES,4 ROOM,410000,
2021-01,TAMPINES,4 ROOM,410000,
2021-01,TAMPINES,4 ROOM,412888,
2021-01,TAMPINES,4 ROOM,415000,
2021-01,TAMPINES,4 ROOM,418000,
2021-01,TAMPINES,4 ROOM,418000,
2021-01,TAMPINES,4 ROOM,420000,
2021-01,TAMPINES,4 ROOM,420000,
2021-01,TAMPINES,4 ROOM,420000,
2021-01,TAMPINES,3 ROOM,420000,
2021-01,TAMPINES,4 ROOM,420000,
2021-01,TAMPINES,4 ROOM,420000,
2021-01,TAMPINES,4 ROOM,425000,
2021-01,TAMPINES,4 ROOM,428000,
2021-01,TAMPINES,4 ROOM,430000,
2021-01,TAMPINES,4 ROOM,430000,
2021-01,TAMPINES,4 ROOM,430000,
2021-01,TAMPINES,4 ROOM,430000,
2021-01,TAMPINES,4 ROOM,435000,
2021-01,TAMPINES,4 ROOM,435000,
2021-01,TAMPINES,4 ROOM,435000,
2021-01,TAMPINES,4 ROOM,435000,
2021-01,TAMPINES,4 ROOM,440000,
2021-01,TAMPINES,4 ROOM,440000,
2021-01,TAMPINES,4 ROOM,442000,
2021-01,TAMPINES,4 ROOM,445000,
2021-01,TAMPINES,4 ROOM,445000,
2021-01,TAMPINES,4 ROOM,448000,
2021-01,TAMPINES,4 ROOM,448888,
2021-01,TAMPINES,4 ROOM,450000,
2021-01,TAMPINES,5 ROOM,450000,
2021-01,TAMPINES,4 ROOM,450000,
2021-01,TAMPINES,4 ROOM,450000,
2021-01,TAMPINES,4 ROOM,450000,
2021-01,TAMPINES,4 ROOM,458000,
2021-01,TAMPINES,5 ROOM,460000,
2021-01,TAMPINES,4 ROOM,460000,
2021-01,TAMPINES,4 ROOM,460000,
2021-01,TAMPINES,4 ROOM,460000,
2021-01,TAMPINES,4 ROOM,465000,
2021-01,TAMPINES,4 ROOM,468000,
2021-01,TAMPINES,4 ROOM,468888,
2021-01,TAMPINES,4 ROOM,470000,
2021-01,TAMPINES,3 ROOM,470000,
2021-01,TAMPINES,5 ROOM,475000,
2021-01,TAMPINES,4 ROOM,480000,
2021-01,TAMPINES,5 ROOM,480000,
2021-01,TAMPINES,4 ROOM,480000,
2021-01,TAMPINES,4 ROOM,480000,
2021-01,TAMPINES,4 ROOM,480000,
2021-01,TAMPINES,4 ROOM,488000,
2021-01,TAMPINES,4 ROOM,488000,
2021-01,TAMPINES,5 ROOM,488000,
2021-01,TAMPINES,5 ROOM,490000,
2021-01,TAMPINES,5 ROOM,498000,
2021-01,TAMPINES,3 ROOM,500000,
2021-01,TAMPINES,5 ROOM,500000,
2021-01,TAMPINES,5 ROOM,500000,
2021-01,TAMPINES,5 ROOM,500000,
2021-01,TAMPINES,5 ROOM,506000,
2021-01,TAMPINES,5 ROOM,513000,
2021-01,TAMPINES,4 ROOM,518000,
2021-01,TAMPINES,5 ROOM,519000,
2021-01,TAMPINES,5 ROOM,519000,
2021-01,TAMPINES,5 ROOM,523000,
2021-01,TAMPINES,5 ROOM,525000,
2021-01,TAMPINES,5 ROOM,525000,
2021-01,TAMPINES,5 ROOM,525000,
2021-01,TAMPINES,5 ROOM,530000,
2021-01,TAMPINES,5 ROOM,530000,
2021-01,TAMPINES,4 ROOM,530000,
2021-01,TAMPINES,5 ROOM,535000,
2021-01,TAMPINES,5 ROOM,535000,
2021-01,TAMPINES,5 ROOM,538000,
2021-01,TAMPINES,5 ROOM,538000,
2021-01,TAMPINES,5 ROOM,538000,
2021-01,TAMPINES,5 ROOM,540000,
2021-01,TAMPINES,4 ROOM,545000,
2021-01,TAMPINES,5 ROOM,545000,
2021-01,TAMPINES,5 ROOM,545000,
2021-01,TAMPINES,4 ROOM,546000,
2021-01,TAMPINES,5 ROOM,548000,
2021-01,TAMPINES,4 ROOM,550000,
2021-01,TAMPINES,5 ROOM,550000,
2021-01,TAMPINES,5 ROOM,550000,
2021-01,TAMPINES,4 ROOM,550000,
2021-01,TAMPINES,5 ROOM,555000,
2021-01,TAMPINES,5 ROOM,555000,
2021-01,TAMPINES,5 ROOM,560000,
2021-01,TAMPINES,5 ROOM,565000,
2021-01,TAMPINES,5 ROOM,565000,
2021-01,TAMPINES,5 ROOM,568000,
2021-01,TAMPINES,5 ROOM,570000,
2021-01,TAMPINES,5 ROOM,570000,
2021-01,TAMPINES,4 ROOM,570000,
2021-01,TAMPINES,5 ROOM,572000,
2021-01,TAMPINES,5 ROOM,575000,
2021-01,TAMPINES,5 ROOM,580000,
2021-01,TAMPINES,5 ROOM,600000,
2021-01,TAMPINES,5 ROOM,605000,
2021-01,TAMPINES,EXECUTIVE,610000,
2021-01,TAMPINES,5 ROOM,610000,
2021-01,TAMPINES,5 ROOM,610000,
2021-01,TAMPINES,EXECUTIVE,620000,
2021-01,TAMPINES,EXECUTIVE,625000,
2021-01,TAMPINES,EXECUTIVE,638000,
2021-01,TAMPINES,EXECUTIVE,642000,
2021-01,TAMPINES,5 ROOM,642888,
2021-01,TAMPINES,EXECUTIVE,645000,
2021-01,TAMPINES,EXECUTIVE,650000,
2021-01,TAMPINES,EXECUTIVE,650000,
2021-01,TAMPINES,EXECUTIVE,655000,
2021-01,TAMPINES,EXECUTIVE,670000,
2021-01,TAMPINES,5 ROOM,675000,
2021-01,TAMPINES,5 ROOM,675000,
2021-01,TAMPINES,EXECUTIVE,678888,
2021-01,TAMPINES,EXECUTIVE,685000,
2021-01,TAMPINES,EXECUTIVE,687500,
2021-01,TAMPINES,EXECUTIVE,688000,
2021-01,TAMPINES,EXECUTIVE,695888,
2021-01,TAMPINES,5 ROOM,705000,
2021-01,TAMPINES,EXECUTIVE,705000,
2021-01,TAMPINES,EXECUTIVE,710000,
2021-01,TAMPINES,EXECUTIVE,715000,
2021-01,TAMPINES,5 ROOM,725000,
2021-01,TAMPINES,5 ROOM,730000,
2021-01,TAMPINES,5 ROOM,750000,
2021-01,TAMPINES,5 ROOM,752888,
2021-01,TAMPINES,EXECUTIVE,765000,
2021-01,TAMPINES,EXECUTIVE,768000,
2021-01,TAMPINES,EXECUTIVE,800000,
2021-01,TAMPINES,EXECUTIVE,800000,
2021-01,TAMPINES,EXECUTIVE,808000,
2021-01,TAMPINES,EXECUTIVE,820000,
2021-01,TAMPINES,5 ROOM,825000,
2021-07,TAMPINES,2 ROOM,290000,
2021-07,TAMPINES,2 ROOM,300000,
2021-07,TAMPINES,3 ROOM,330000,
2021-07,TAMPINES,3 ROOM,330000,
2021-07,TAMPINES,3 ROOM,335000,
2021-07,TAMPINES,3 ROOM,335000,
2021-07,TAMPINES,3 ROOM,347000,
2021-07,TAMPINES,3 ROOM,350000,
2021-07,TAMPINES,3 ROOM,350000,
2021-07,TAMPINES,3 ROOM,350000,
2021-07,TAMPINES,3 ROOM,350000,
2021-07,TAMPINES,3 ROOM,352000,
2021-07,TAMPINES,3 ROOM,355000,
2021-07,TAMPINES,3 ROOM,360000,
2021-07,TAMPINES,4 ROOM,360000,
2021-07,TAMPINES,3 ROOM,360000,
2021-07,TAMPINES,3 ROOM,362000,
2021-07,TAMPINES,3 ROOM,362500,
2021-07,TAMPINES,3 ROOM,363000,
2021-07,TAMPINES,3 ROOM,370000,
2021-07,TAMPINES,3 ROOM,370000,
2021-07,TAMPINES,3 ROOM,370000,
2021-07,TAMPINES,3 ROOM,370000,
2021-07,TAMPINES,3 ROOM,370000,
2021-07,TAMPINES,3 ROOM,372000,
2021-07,TAMPINES,3 ROOM,375000,
2021-07,TAMPINES,3 ROOM,380000,
2021-07,TAMPINES,3 ROOM,380000,
2021-07,TAMPINES,4 ROOM,385000,
2021-07,TAMPINES,3 ROOM,395000,
2021-07,TAMPINES,4 ROOM,395000,
2021-07,TAMPINES,4 ROOM,400000,
2021-07,TAMPINES,3 ROOM,408000,
2021-07,TAMPINES,4 ROOM,408000,
2021-07,TAMPINES,4 ROOM,410000,
2021-07,TAMPINES,3 ROOM,410888,
2021-07,TAMPINES,4 ROOM,415000,
2021-07,TAMPINES,4 ROOM,422000,
2021-07,TAMPINES,4 ROOM,430000,
2021-07,TAMPINES,4 ROOM,430800,
2021-07,TAMPINES,4 ROOM,431000,
2021-07,TAMPINES,4 ROOM,435000,
2021-07,TAMPINES,3 ROOM,438000,
2021-07,TAMPINES,4 ROOM,440000,
2021-07,TAMPINES,4 ROOM,440000,
2021-07,TAMPINES,4 ROOM,447000,
2021-07,TAMPINES,4 ROOM,448000,
2021-07,TAMPINES,4 ROOM,450000,
2021-07,TAMPINES,4 ROOM,450000,
2021-07,TAMPINES,4 ROOM,450000,
2021-07,TAMPINES,4 ROOM,455000,
2021-07,TAMPINES,4 ROOM,455000,
2021-07,TAMPINES,4 ROOM,455000,
2021-07,TAMPINES,4 ROOM,457000,
2021-07,TAMPINES,4 ROOM,458000,
2021-07,TAMPINES,4 ROOM,458000,
2021-07,TAMPINES,4 ROOM,458000,
2021-07,TAMPINES,4 ROOM,460000,
2021-07,TAMPINES,4 ROOM,460000,
2021-07,TAMPINES,4 ROOM,460000,
2021-07,TAMPINES,4 ROOM,463000,
2021-07,TAMPINES,4 ROOM,465000,
2021-07,TAMPINES,4 ROOM,465000,
2021-07,TAMPINES,4 ROOM,465000,
2021-07,TAMPINES,4 ROOM,466000,
2021-07,TAMPINES,4 ROOM,472000,
2021-07,TAMPINES,4 ROOM,475000,
2021-07,TAMPINES,4 ROOM,475000,
2021-07,TAMPINES,4 ROOM,480000,
2021-07,TAMPINES,4 ROOM,480000,
2021-07,TAMPINES,4 ROOM,480000,
2021-07,TAMPINES,4 ROOM,480000,
2021-07,TAMPINES,4 ROOM,480000,
2021-07,TAMPINES,4 ROOM,482000,
2021-07,TAMPINES,4 ROOM,482000,
2021-07,TAMPINES,4 ROOM,485000,
2021-07,TAMPINES,4 ROOM,485000,
2021-07,TAMPINES,4 ROOM,488000,
2021-07,TAMPINES,4 ROOM,490000,
2021-07,TAMPINES,5 ROOM,490000,
2021-07,TAMPINES,4 ROOM,492000,
2021-07,TAMPINES,4 ROOM,495000,
2021-07,TAMPINES,3 ROOM,495000,
2021-07,TAMPINES,5 ROOM,495000,
2021-07,TAMPINES,4 ROOM,500000,
2021-07,TAMPINES,4 ROOM,500000,
2021-07,TAMPINES,5 ROOM,500000,
2021-07,TAMPINES,5 ROOM,500000,
2021-07,TAMPINES,4 ROOM,500000,
2021-07,TAMPINES,5 ROOM,506000,
2021-07,TAMPINES,5 ROOM,508000,
2021-07,TAMPINES,4 ROOM,510000,
2021-07,TAMPINES,5 ROOM,512000,
2021-07,TAMPINES,4 ROOM,513000,
2021-07,TAMPINES,4 ROOM,515000,
2021-07,TAMPINES,3 ROOM,515000,
2021-07,TAMPINES,3 ROOM,516000,
2021-07,TAMPINES,4 ROOM,520000,
2021-07,TAMPINES,5 ROOM,520000,
2021-07,TAMPINES,5 ROOM,525000,
2021-07,TAMPINES,4 ROOM,530000,
2021-07,TAMPINES,5 ROOM,530000,
2021-07,TAMPINES,4 ROOM,530000,
2021-07,TAMPINES,5 ROOM,532000,
2021-07,TAMPINES,5 ROOM,535000,
2021-07,TAMPINES,4 ROOM,535000,
2021-07,TAMPINES,4 ROOM,535000,
2021-07,TAMPINES,5 ROOM,539999,
2021-07,TAMPINES,5 ROOM,540000,
2021-07,TAMPINES,5 ROOM,540000,
2021-07,TAMPINES,5 ROOM,540000,
2021-07,TAMPINES,5 ROOM,545000,
2021-07,TAMPINES,5 ROOM,545000,
2021-07,TAMPINES,5 ROOM,550000,
2021-07,TAMPINES,4 ROOM,550000,
2021-07,TAMPINES,5 ROOM,550000,
2021-07,TAMPINES,5 ROOM,550000,
2021-07,TAMPINES,3 ROOM,550000,
2021-07,TAMPINES,5 ROOM,552000,
2021-07,TAMPINES,4 ROOM,555000,
2021-07,TAMPINES,5 ROOM,555000,
2021-07,TAMPINES,5 ROOM,555000,
2021-07,TAMPINES,5 ROOM,555888,
2021-07,TAMPINES,5 ROOM,558000,
2021-07,TAMPINES,5 ROOM,558000,
2021-07,TAMPINES,5 ROOM,558000,
2021-07,TAMPINES,4 ROOM,560000,
2021-07,TAMPINES,5 ROOM,560000,
2021-07,TAMPINES,5 ROOM,560000,
2021-07,TAMPINES,5 ROOM,568000,
2021-07,TAMPINES,5 ROOM,568000,
2021-07,TAMPINES,5 ROOM,568000,
2021-07,TAMPINES,5 ROOM,575000,
2021-07,TAMPINES,5 ROOM,575000,
2021-07,TAMPINES,5 ROOM,580000,
2021-07,TAMPINES,4 ROOM,580000,
2021-07,TAMPINES,5 ROOM,582000,
2021-07,TAMPINES,4 ROOM,585000,
2021-07,TAMPINES,5 ROOM,588000,
2021-07,TAMPINES,5 ROOM,588888,
2021-07,TAMPINES,5 ROOM,590000,
2021-07,TAMPINES,5 ROOM,595000,
2021-07,TAMPINES,5 ROOM,600000,
2021-07,TAMPINES,5 ROOM,605000,
2021-07,TAMPINES,5 ROOM,608000,
2021-07,TAMPINES,4 ROOM,610000,
2021-07,TAMPINES,5 ROOM,610000,
2021-07,TAMPINES,5 ROOM,612500,
2021-07,TAMPINES,4 ROOM,614888,
2021-07,TAMPINES,5 ROOM,615000,
2021-07,TAMPINES,5 ROOM,618888,
2021-07,TAMPINES,EXECUTIVE,620000,
2021-07,TAMPINES,5 ROOM,621888,
2021-07,TAMPINES,5 ROOM,625000,
2021-07,TAMPINES,5 ROOM,628000,
2021-07,TAMPINES,5 ROOM,640000,
2021-07,TAMPINES,5 ROOM,645000,
2021-07,TAMPINES,EXECUTIVE,650000,
2021-07,TAMPINES,EXECUTIVE,650000,
2021-07,TAMPINES,EXECUTIVE,660000,
2021-07,TAMPINES,4 ROOM,662000,
2021-07,TAMPINES,4 ROOM,662000,
2021-07,TAMPINES,EXECUTIVE,670000,
2021-07,TAMPINES,EXECUTIVE,675000,
2021-07,TAMPINES,EXECUTIVE,678000,
2021-07,TAMPINES,EXECUTIVE,680000,
2021-07,TAMPINES,EXECUTIVE,686000,
2021-07,TAMPINES,EXECUTIVE,688000,
2021-07,TAMPINES,5 ROOM,690000,
2021-07,TAMPINES,EXECUTIVE,695000,
2021-07,TAMPINES,EXECUTIVE,700000,
2021-07,TAMPINES,EXECUTIVE,700000,
2021-07,TAMPINES,EXECUTIVE,706800,
2021-07,TAMPINES,5 ROOM,708000,
2021-07,TAMPINES,5 ROOM,710000,
2021-07,TAMPINES,EXECUTIVE,720000,
2021-07,TAMPINES,EXECUTIVE,728000,
2021-07,TAMPINES,5 ROOM,733888,
2021-07,TAMPINES,EXECUTIVE,738000,
2021-07,TAMPINES,5 ROOM,740000,
2021-07,TAMPINES,EXECUTIVE,750000,
2021-07,TAMPINES,5 ROOM,750000,
2021-07,TAMPINES,EXECUTIVE,755000,
2021-07,TAMPINES,EXECUTIVE,768000,
2021-07,TAMPINES,EXECUTIVE,770000,
2021-07,TAMPINES,EXECUTIVE,780000,
2021-07,TAMPINES,EXECUTIVE,780000,
2021-07,TAMPINES,EXECUTIVE,780000,
2021-07,TAMPINES,5 ROOM,785000,
2021-07,TAMPINES,5 ROOM,788000,
2021-07,TAMPINES,5 ROOM,790000,
2021-07,TAMPINES,5 ROOM,790000,
2021-07,TAMPINES,5 ROOM,800000,
2021-07,TAMPINES,EXECUTIVE,800000,
2021-07,TAMPINES,EXECUTIVE,818000,
2021-07,TAMPINES,EXECUTIVE,830000,
2021-07,TAMPINES,EXECUTIVE,850000,
2021-07,TAMPINES,EXECUTIVE,891888,
2022-01,TAMPINES,4 ROOM,330000,
2022-01,TAMPINES,3 ROOM,330000,
2022-01,TAMPINES,3 ROOM,336000,
2022-01,TAMPINES,3 ROOM,342888,
2022-01,TAMPINES,3 ROOM,350000,
2022-01,TAMPINES,3 ROOM,357000,
2022-01,TAMPINES,3 ROOM,360000,
2022-01,TAMPINES,3 ROOM,360000,
2022-01,TAMPINES,3 ROOM,365000,
2022-01,TAMPINES,3 ROOM,365000,
2022-01,TAMPINES,3 ROOM,367000,
2022-01,TAMPINES,3 ROOM,370000,
2022-01,TAMPINES,3 ROOM,370000,
2022-01,TAMPINES,3 ROOM,371000,
2022-01,TAMPINES,3 ROOM,375000,
2022-01,TAMPINES,3 ROOM,378000,
2022-01,TAMPINES,3 ROOM,380000,
2022-01,TAMPINES,3 ROOM,380000,
2022-01,TAMPINES,3 ROOM,380000,
2022-01,TAMPINES,3 ROOM,380000,
2022-01,TAMPINES,3 ROOM,382000,
2022-01,TAMPINES,3 ROOM,388000,
2022-01,TAMPINES,3 ROOM,388000,
2022-01,TAMPINES,3 ROOM,392000,
2022-01,TAMPINES,3 ROOM,392000,
2022-01,TAMPINES,3 ROOM,395000,
2022-01,TAMPINES,3 ROOM,395000,
2022-01,TAMPINES,3 ROOM,397000,
2022-01,TAMPINES,3 ROOM,406000,
2022-01,TAMPINES,3 ROOM,415000,
2022-01,TAMPINES,3 ROOM,420000,
2022-01,TAMPINES,3 ROOM,420000,
2022-01,TAMPINES,3 ROOM,430000,
2022-01,TAMPINES,3 ROOM,435000,
2022-01,TAMPINES,4 ROOM,440000,
2022-01,TAMPINES,4 ROOM,450000,
2022-01,TAMPINES,4 ROOM,452000,
2022-01,TAMPINES,4 ROOM,453000,
2022-01,TAMPINES,4 ROOM,458000,
2022-01,TAMPINES,4 ROOM,458000,
2022-01,TAMPINES,4 ROOM,460000,
2022-01,TAMPINES,4 ROOM,465000,
2022-01,TAMPINES,4 ROOM,465000,
2022-01,TAMPINES,4 ROOM,465000,
2022-01,TAMPINES,4 ROOM,467000,
2022-01,TAMPINES,4 ROOM,468000,
2022-01,TAMPINES,4 ROOM,470000,
2022-01,TAMPINES,4 ROOM,470000,
2022-01,TAMPINES,4 ROOM,473888,
2022-01,TAMPINES,4 ROOM,475000,
2022-01,TAMPINES,4 ROOM,477000,
2022-01,TAMPINES,4 ROOM,480000,
2022-01,TAMPINES,4 ROOM,480000,
2022-01,TAMPINES,4 ROOM,480000,
2022-01,TAMPINES,4 ROOM,480000,
2022-01,TAMPINES,4 ROOM,480000,
2022-01,TAMPINES,4 ROOM,481000,
2022-01,TAMPINES,4 ROOM,485000,
2022-01,TAMPINES,4 ROOM,487000,
2022-01,TAMPINES,4 ROOM,488000,
2022-01,TAMPINES,4 ROOM,490000,
2022-01,TAMPINES,4 ROOM,490000,
2022-01,TAMPINES,4 ROOM,490000,
2022-01,TAMPINES,4 ROOM,490000,
2022-01,TAMPINES,4 ROOM,495000,
2022-01,TAMPINES,4 ROOM,495000,
2022-01,TAMPINES,4 ROOM,499800,
2022-01,TAMPINES,3 ROOM,500000,
2022-01,TAMPINES,5 ROOM,500000,
2022-01,TAMPINES,4 ROOM,500000,
2022-01,TAMPINES,4 ROOM,500000,
2022-01,TAMPINES,4 ROOM,502800,
2022-01,TAMPINES,5 ROOM,510000,
2022-01,TAMPINES,4 ROOM,513888,
2022-01,TAMPINES,3 ROOM,515000,
2022-01,TAMPINES,4 ROOM,515000,
2022-01,TAMPINES,4 ROOM,515000,
2022-01,TAMPINES,4 ROOM,518000,
2022-01,TAMPINES,4 ROOM,522000,
2022-01,TAMPINES,4 ROOM,522000,
2022-01,TAMPINES,4 ROOM,522888,
2022-01,TAMPINES,4 ROOM,523800,
2022-01,TAMPINES,4 ROOM,525000,
2022-01,TAMPINES,4 ROOM,525000,
2022-01,TAMPINES,4 ROOM,525000,
2022-01,TAMPINES,5 ROOM,526000,
2022-01,TAMPINES,4 ROOM,530000,
2022-01,TAMPINES,4 ROOM,530000,
2022-01,TAMPINES,4 ROOM,538000,
2022-01,TAMPINES,4 ROOM,538888,
2022-01,TAMPINES,5 ROOM,540000,
2022-01,TAMPINES,5 ROOM,540000,
2022-01,TAMPINES,4 ROOM,540000,
2022-01,TAMPINES,4 ROOM,545000,
2022-01,TAMPINES,5 ROOM,550000,
2022-01,TAMPINES,4 ROOM,550000,
2022-01,TAMPINES,4 ROOM,555000,
2022-01,TAMPINES,5 ROOM,558000,
2022-01,TAMPINES,4 ROOM,560000,
2022-01,TAMPINES,5 ROOM,560000,
2022-01,TAMPINES,5 ROOM,568000,
2022-01,TAMPINES,5 ROOM,570000,
2022-01,TAMPINES,5 ROOM,570000,
2022-01,TAMPINES,5 ROOM,570000,
2022-01,TAMPINES,5 ROOM,575000,
2022-01,TAMPINES,5 ROOM,580000,
2022-01,TAMPINES,5 ROOM,580000,
2022-01,TAMPINES,5 ROOM,580000,
2022-01,TAMPINES,5 ROOM,582000,
2022-01,TAMPINES,5 ROOM,583000,
2022-01,TAMPINES,4 ROOM,588000,
2022-01,TAMPINES,5 ROOM,595000,
2022-01,TAMPINES,4 ROOM,595000,
2022-01,TAMPINES,5 ROOM,595888,
2022-01,TAMPINES,5 ROOM,598000,
2022-01,TAMPINES,4 ROOM,598000,
2022-01,TAMPINES,5 ROOM,600000,
2022-01,TAMPINES,4 ROOM,600000,
2022-01,TAMPINES,4 ROOM,600000,
2022-01,TAMPINES,5 ROOM,600000,
2022-01,TAMPINES,5 ROOM,600000,
2022-01,TAMPINES,5 ROOM,602000,
2022-01,TAMPINES,5 ROOM,605000,
2022-01,TAMPINES,5 ROOM,610888,
2022-01,TAMPINES,5 ROOM,618800,
2022-01,TAMPINES,4 ROOM,620000,
2022-01,TAMPINES,5 ROOM,620000,
2022-01,TAMPINES,4 ROOM,620000,
2022-01,TAMPINES,5 ROOM,620000,
2022-01,TAMPINES,5 ROOM,628000,
2022-01,TAMPINES,5 ROOM,628888,
2022-01,TAMPINES,4 ROOM,630000,
2022-01,TAMPINES,5 ROOM,630000,
2022-01,TAMPINES,5 ROOM,630000,
2022-01,TAMPINES,5 ROOM,630000,
2022-01,TAMPINES,5 ROOM,630000,
2022-01,TAMPINES,5 ROOM,638000,
2022-01,TAMPINES,4 ROOM,638000,
2022-01,TAMPINES,5 ROOM,644000,
2022-01,TAMPINES,5 ROOM,645000,
2022-01,TAMPINES,5 ROOM,660000,
2022-01,TAMPINES,4 ROOM,665000,
2022-01,TAMPINES,5 ROOM,665000,
2022-01,TAMPINES,4 ROOM,680000,
2022-01,TAMPINES,4 ROOM,685000,
2022-01,TAMPINES,4 ROOM,695000,
2022-01,TAMPINES,EXECUTIVE,700000,
2022-01,TAMPINES,EXECUTIVE,705000,
2022-01,TAMPINES,EXECUTIVE,710000,
2022-01,TAMPINES,4 ROOM,720000,
2022-01,TAMPINES,5 ROOM,730000,
2022-01,TAMPINES,EXECUTIVE,740000,
2022-01,TAMPINES,EXECUTIVE,740000,
2022-01,TAMPINES,EXECUTIVE,740000,
2022-01,TAMPINES,5 ROOM,767000,
2022-01,TAMPINES,EXECUTIVE,782000,
2022-01,TAMPINES,EXECUTIVE,785000,
2022-01,TAMPINES,EXECUTIVE,785000,
2022-01,TAMPINES,EXECUTIVE,802000,
2022-01,TAMPINES,5 ROOM,818000,
2022-01,TAMPINES,EXECUTIVE,840000,
2022-01,TAMPINES,EXECUTIVE,945000,
2022-01,TAMPINES,EXECUTIVE,950000,
2022-07,TAMPINES,2 ROOM,318000,
2022-07,TAMPINES,2 ROOM,327000,
2022-07,TAMPINES,2 ROOM,335000,
2022-07,TAMPINES,3 ROOM,335000,
2022-07,TAMPINES,3 ROOM,365000,
2022-07,TAMPINES,3 ROOM,370000,
2022-07,TAMPINES,3 ROOM,380000,
2022-07,TAMPINES,3 ROOM,380000,
2022-07,TAMPINES,3 ROOM,380000,
2022-07,TAMPINES,3 ROOM,385000,
2022-07,TAMPINES,3 ROOM,385000,
2022-07,TAMPINES,3 ROOM,385000,
2022-07,TAMPINES,3 ROOM,385000,
2022-07,TAMPINES,3 ROOM,386000,
2022-07,TAMPINES,3 ROOM,388000,
2022-07,TAMPINES,3 ROOM,390000,
2022-07,TAMPINES,3 ROOM,390000,
2022-07,TAMPINES,3 ROOM,390000,
2022-07,TAMPINES,3 ROOM,390000,
2022-07,TAMPINES,3 ROOM,392000,
2022-07,TAMPINES,3 ROOM,400000,
2022-07,TAMPINES,3 ROOM,406888,
2022-07,TAMPINES,3 ROOM,410000,
2022-07,TAMPINES,3 ROOM,418000,
2022-07,TAMPINES,3 ROOM,430000,
2022-07,TAMPINES,3 ROOM,435000,
2022-07,TAMPINES,3 ROOM,450000,
2022-07,TAMPINES,4 ROOM,455888,
2022-07,TAMPINES,4 ROOM,460000,
2022-07,TAMPINES,3 ROOM,460000,
2022-07,TAMPINES,4 ROOM,470000,
2022-07,TAMPINES,4 ROOM,470000,
2022-07,TAMPINES,4 ROOM,480000,
2022-07,TAMPINES,4 ROOM,480000,
2022-07,TAMPINES,4 ROOM,480000,
2022-07,TAMPINES,4 ROOM,480000,
2022-07,TAMPINES,4 ROOM,485500,
2022-07,TAMPINES,3 ROOM,488880,
2022-07,TAMPINES,4 ROOM,490000,
2022-07,TAMPINES,3 ROOM,490888,
2022-07,TAMPINES,4 ROOM,500000,
2022-07,TAMPINES,4 ROOM,500000,
2022-07,TAMPINES,4 ROOM,500000,
2022-07,TAMPINES,4 ROOM,502000,
2022-07,TAMPINES,4 ROOM,505000,
2022-07,TAMPINES,4 ROOM,505000,
2022-07,TAMPINES,4 ROOM,505000,
2022-07,TAMPINES,4 ROOM,505000,
2022-07,TAMPINES,4 ROOM,505000,
2022-07,TAMPINES,4 ROOM,505000,
2022-07,TAMPINES,4 ROOM,505000,
2022-07,TAMPINES,4 ROOM,505000,
2022-07,TAMPINES,4 ROOM,510000,
2022-07,TAMPINES,4 ROOM,510000,
2022-07,TAMPINES,4 ROOM,511000,
2022-07,TAMPINES,4 ROOM,515000,
2022-07,TAMPINES,4 ROOM,515000,
2022-07,TAMPINES,4 ROOM,515000,
2022-07,TAMPINES,4 ROOM,518000,
2022-07,TAMPINES,4 ROOM,520000,
2022-07,TAMPINES,4 ROOM,520000,
2022-07,TAMPINES,4 ROOM,520000,
2022-07,TAMPINES,4 ROOM,521000,
2022-07,TAMPINES,4 ROOM,525000,
2022-07,TAMPINES,4 ROOM,528000,
2022-07,TAMPINES,4 ROOM,530000,
2022-07,TAMPINES,4 ROOM,535000,
2022-07,TAMPINES,4 ROOM,535000,
2022-07,TAMPINES,4 ROOM,535000,
2022-07,TAMPINES,4 ROOM,540000,
2022-07,TAMPINES,4 ROOM,540000,
2022-07,TAMPINES,4 ROOM,540000,
2022-07,TAMPINES,4 ROOM,546000,
2022-07,TAMPINES,3 ROOM,548000,
2022-07,TAMPINES,4 ROOM,550000,
2022-07,TAMPINES,3 ROOM,553000,
2022-07,TAMPINES,4 ROOM,555000,
2022-07,TAMPINES,4 ROOM,555000,
2022-07,TAMPINES,4 ROOM,555000,
2022-07,TAMPINES,4 ROOM,565000,
2022-07,TAMPINES,5 ROOM,570000,
2022-07,TAMPINES,4 ROOM,575000,
2022-07,TAMPINES,5 ROOM,575000,
2022-07,TAMPINES,4 ROOM,580000,
2022-07,TAMPINES,5 ROOM,580000,
2022-07,TAMPINES,4 ROOM,580000,
2022-07,TAMPINES,4 ROOM,580000,
2022-07,TAMPINES,4 ROOM,600000,
2022-07,TAMPINES,4 ROOM,608000,
2022-07,TAMPINES,5 ROOM,610000,
2022-07,TAMPINES,5 ROOM,610000,
2022-07,TAMPINES,5 ROOM,620000,
2022-07,TAMPINES,5 ROOM,628000,
2022-07,TAMPINES,5 ROOM,629888,
2022-07,TAMPINES,5 ROOM,630000,
2022-07,TAMPINES,5 ROOM,630000,
2022-07,TAMPINES,5 ROOM,636000,
2022-07,TAMPINES,4 ROOM,638888,
2022-07,TAMPINES,5 ROOM,638888,
2022-07,TAMPINES,5 ROOM,640000,
2022-07,TAMPINES,5 ROOM,640000,
2022-07,TAMPINES,4 ROOM,648000,
2022-07,TAMPINES,5 ROOM,650000,
2022-07,TAMPINES,4 ROOM,650000,
2022-07,TAMPINES,5 ROOM,660000,
2022-07,TAMPINES,5 ROOM,660000,
2022-07,TAMPINES,5 ROOM,660000,
2022-07,TAMPINES,5 ROOM,660000,
2022-07,TAMPINES,5 ROOM,670000,
2022-07,TAMPINES,5 ROOM,680000,
2022-07,TAMPINES,5 ROOM,680000,
2022-07,TAMPINES,5 ROOM,682000,
2022-07,TAMPINES,5 ROOM,688000,
2022-07,TAMPINES,EXECUTIVE,715000,
2022-07,TAMPINES,4 ROOM,720000,
2022-07,TAMPINES,4 ROOM,722000,
2022-07,TAMPINES,4 ROOM,750000,
2022-07,TAMPINES,EXECUTIVE,755000,
2022-07,TAMPINES,EXECUTIVE,760000,
2022-07,TAMPINES,EXECUTIVE,760000,
2022-07,TAMPINES,EXECUTIVE,760000,
2022-07,TAMPINES,5 ROOM,768000,
2022-07,TAMPINES,EXECUTIVE,770000,
2022-07,TAMPINES,EXECUTIVE,780000,
2022-07,TAMPINES,5 ROOM,810100,
2022-07,TAMPINES,EXECUTIVE,820000,
2022-07,TAMPINES,5 ROOM,825000,
2022-07,TAMPINES,EXECUTIVE,835000,
2022-07,TAMPINES,EXECUTIVE,840000,
2022-07,TAMPINES,EXECUTIVE,840000,
2022-07,TAMPINES,EXECUTIVE,858000,
2022-07,TAMPINES,5 ROOM,888000,
2022-07,TAMPINES,5 ROOM,890000,
2022-07,TAMPINES,EXECUTIVE,890000,
2022-07,TAMPINES,EXECUTIVE,900000,
2022-07,TAMPINES,EXECUTIVE,900000,
2022-07,TAMPINES,EXECUTIVE,905000,
2022-07,TAMPINES,EXECUTIVE,931000,
2022-07,TAMPINES,EXECUTIVE,940000,
2022-07,TAMPINES,EXECUTIVE,950000,
2023-01,TAMPINES,3 ROOM,416000,
2023-01,TAMPINES,3 ROOM,385000,
2023-01,TAMPINES,3 ROOM,425000,
2023-01,TAMPINES,3 ROOM,486000,
2023-01,TAMPINES,3 ROOM,423000,
2023-01,TAMPINES,3 ROOM,500888,
2023-01,TAMPINES,3 ROOM,518000,
2023-01,TAMPINES,3 ROOM,571000,
2023-01,TAMPINES,3 ROOM,395000,
2023-01,TAMPINES,3 ROOM,423000,
2023-01,TAMPINES,3 ROOM,380000,
2023-01,TAMPINES,3 ROOM,380000,
2023-01,TAMPINES,3 ROOM,420000,
2023-01,TAMPINES,3 ROOM,450000,
2023-01,TAMPINES,3 ROOM,433000,
2023-01,TAMPINES,3 ROOM,438000,
2023-01,TAMPINES,3 ROOM,390000,
2023-01,TAMPINES,3 ROOM,428000,
2023-01,TAMPINES,3 ROOM,407000,
2023-01,TAMPINES,3 ROOM,413888,
2023-01,TAMPINES,3 ROOM,412000,
2023-01,TAMPINES,3 ROOM,410000,
2023-01,TAMPINES,3 ROOM,415000,
2023-01,TAMPINES,3 ROOM,435000,
2023-01,TAMPINES,3 ROOM,388000,
2023-01,TAMPINES,3 ROOM,432000,
2023-01,TAMPINES,3 ROOM,460000,
2023-01,TAMPINES,3 ROOM,420000,
2023-01,TAMPINES,3 ROOM,420000,
2023-01,TAMPINES,3 ROOM,410000,
2023-01,TAMPINES,3 ROOM,425000,
2023-01,TAMPINES,3 ROOM,400000,
2023-01,TAMPINES,3 ROOM,420000,
2023-01,TAMPINES,3 ROOM,404000,
2023-01,TAMPINES,3 ROOM,422500,
2023-01,TAMPINES,3 ROOM,439000,
2023-01,TAMPINES,3 ROOM,405000,
2023-01,TAMPINES,3 ROOM,412000,
2023-01,TAMPINES,3 ROOM,400000,
2023-01,TAMPINES,3 ROOM,400000,
2023-01,TAMPINES,3 ROOM,452500,
2023-01,TAMPINES,3 ROOM,475000,
2023-01,TAMPINES,3 ROOM,395000,
2023-01,TAMPINES,3 ROOM,405000,
2023-01,TAMPINES,3 ROOM,388000,
2023-01,TAMPINES,3 ROOM,443000,
2023-01,TAMPINES,3 ROOM,392000,
2023-01,TAMPINES,4 ROOM,530000,
2023-01,TAMPINES,4 ROOM,520000,
2023-01,TAMPINES,4 ROOM,580000,
2023-01,TAMPINES,4 ROOM,525000,
2023-01,TAMPINES,4 ROOM,618000,
2023-01,TAMPINES,4 ROOM,468000,
2023-01,TAMPINES,4 ROOM,600000,
2023-01,TAMPINES,4 ROOM,535000,
2023-01,TAMPINES,4 ROOM,500000,
2023-01,TAMPINES,4 ROOM,598000,
2023-01,TAMPINES,4 ROOM,550000,
2023-01,TAMPINES,4 ROOM,530000,
2023-01,TAMPINES,4 ROOM,525000,
2023-01,TAMPINES,4 ROOM,540000,
2023-01,TAMPINES,4 ROOM,570000,
2023-01,TAMPINES,4 ROOM,610000,
2023-01,TAMPINES,4 ROOM,645000,
2023-01,TAMPINES,4 ROOM,650000,
2023-01,TAMPINES,4 ROOM,545000,
2023-01,TAMPINES,4 ROOM,560000,
2023-01,TAMPINES,4 ROOM,548000,
2023-01,TAMPINES,4 ROOM,610000,
2023-01,TAMPINES,4 ROOM,758888,
2023-01,TAMPINES,4 ROOM,700000,
2023-01,TAMPINES,4 ROOM,700000,
2023-01,TAMPINES,4 ROOM,560000,
2023-01,TAMPINES,4 ROOM,535000,
2023-01,TAMPINES,4 ROOM,560000,
2023-01,TAMPINES,4 ROOM,587000,
2023-01,TAMPINES,4 ROOM,555000,
2023-01,TAMPINES,4 ROOM,500000,
2023-01,TAMPINES,4 ROOM,575000,
2023-01,TAMPINES,4 ROOM,562000,
2023-01,TAMPINES,4 ROOM,492000,
2023-01,TAMPINES,4 ROOM,530000,
2023-01,TAMPINES,4 ROOM,545000,
2023-01,TAMPINES,4 ROOM,490000,
2023-01,TAMPINES,4 ROOM,540000,
2023-01,TAMPINES,4 ROOM,515000,
2023-01,TAMPINES,4 ROOM,626000,
2023-01,TAMPINES,4 ROOM,520000,
2023-01,TAMPINES,4 ROOM,518000,
2023-01,TAMPINES,4 ROOM,515000,
2023-01,TAMPINES,4 ROOM,533000,
2023-01,TAMPINES,4 ROOM,532000,
2023-01,TAMPINES,4 ROOM,527000,
2023-01,TAMPINES,4 ROOM,520000,
2023-01,TAMPINES,4 ROOM,510000,
2023-01,TAMPINES,4 ROOM,588000,
2023-01,TAMPINES,4 ROOM,518000,
2023-01,TAMPINES,4 ROOM,530000,
2023-01,TAMPINES,4 ROOM,540000,
2023-01,TAMPINES,4 ROOM,554888,
2023-01,TAMPINES,4 ROOM,571000,
2023-01,TAMPINES,4 ROOM,518000,
2023-01,TAMPINES,4 ROOM,570000,
2023-01,TAMPINES,4 ROOM,550000,
2023-01,TAMPINES,4 ROOM,515000,
2023-01,TAMPINES,4 ROOM,548888,
2023-01,TAMPINES,4 ROOM,580000,
2023-01,TAMPINES,4 ROOM,635000,
2023-01,TAMPINES,4 ROOM,565000,
2023-01,TAMPINES,4 ROOM,560000,
2023-01,TAMPINES,4 ROOM,562000,
2023-01,TAMPINES,4 ROOM,678000,
2023-01,TAMPINES,5 ROOM,855000,
2023-01,TAMPINES,5 ROOM,855000,
2023-01,TAMPINES,5 ROOM,630000,
2023-01,TAMPINES,5 ROOM,650000,
2023-01,TAMPINES,5 ROOM,643000,
2023-01,TAMPINES,5 ROOM,708000,
2023-01,TAMPINES,5 ROOM,635000,
2023-01,TAMPINES,5 ROOM,630000,
2023-01,TAMPINES,5 ROOM,640000,
2023-01,TAMPINES,5 ROOM,668000,
2023-01,TAMPINES,5 ROOM,800000,
2023-01,TAMPINES,5 ROOM,683000,
2023-01,TAMPINES,5 ROOM,670000,
2023-01,TAMPINES,5 ROOM,638000,
2023-01,TAMPINES,5 ROOM,670000,
2023-01,TAMPINES,5 ROOM,645000,
2023-01,TAMPINES,5 ROOM,800000,
2023-01,TAMPINES,5 ROOM,880000,
2023-01,TAMPINES,5 ROOM,856000,
2023-01,TAMPINES,5 ROOM,635000,
2023-01,TAMPINES,5 ROOM,660000,
2023-01,TAMPINES,5 ROOM,740000,
2023-01,TAMPINES,5 ROOM,590000,
2023-01,TAMPINES,5 ROOM,620000,
2023-01,TAMPINES,5 ROOM,650000,
2023-01,TAMPINES,5 ROOM,645000,
2023-01,TAMPINES,5 ROOM,675000,
2023-01,TAMPINES,5 ROOM,673000,
2023-01,TAMPINES,5 ROOM,715000,
2023-01,TAMPINES,5 ROOM,585000,
2023-01,TAMPINES,5 ROOM,638000,
2023-01,TAMPINES,5 ROOM,730000,
2023-01,TAMPINES,5 ROOM,720000,
2023-01,TAMPINES,5 ROOM,748888,
2023-01,TAMPINES,5 ROOM,775000,
2023-01,TAMPINES,5 ROOM,705000,
2023-01,TAMPINES,5 ROOM,642000,
2023-01,TAMPINES,5 ROOM,630000,
2023-01,TAMPINES,5 ROOM,648000,
2023-01,TAMPINES,5 ROOM,630000,
2023-01,TAMPINES,5 ROOM,600000,
2023-01,TAMPINES,5 ROOM,770000,
2023-01,TAMPINES,5 ROOM,815000,
2023-01,TAMPINES,5 ROOM,687000,
2023-01,TAMPINES,5 ROOM,690000,
2023-01,TAMPINES,5 ROOM,660000,
2023-01,TAMPINES,EXECUTIVE,885000,
2023-01,TAMPINES,EXECUTIVE,965000,
2023-01,TAMPINES,EXECUTIVE,880000,
2023-01,TAMPINES,EXECUTIVE,780000,
2023-01,TAMPINES,EXECUTIVE,800000,
2023-01,TAMPINES,EXECUTIVE,833000,
2023-01,TAMPINES,EXECUTIVE,910000,
2023-01,TAMPINES,EXECUTIVE,850000,
2023-01,TAMPINES,EXECUTIVE,875000,
2023-01,TAMPINES,EXECUTIVE,880000,
2023-01,TAMPINES,EXECUTIVE,838888,
2023-07,TAMPINES,3 ROOM,385000,
2023-07,TAMPINES,3 ROOM,423000,
2023-07,TAMPINES,3 ROOM,485000,
2023-07,TAMPINES,3 ROOM,408000,
2023-07,TAMPINES,3 ROOM,538888,
2023-07,TAMPINES,3 ROOM,502000,
2023-07,TAMPINES,3 ROOM,435000,
2023-07,TAMPINES,3 ROOM,410000,
2023-07,TAMPINES,3 ROOM,442500,
2023-07,TAMPINES,3 ROOM,440000,
2023-07,TAMPINES,3 ROOM,440000,
2023-07,TAMPINES,3 ROOM,420000,
2023-07,TAMPINES,3 ROOM,440000,
2023-07,TAMPINES,3 ROOM,420000,
2023-07,TAMPINES,3 ROOM,425000,
2023-07,TAMPINES,3 ROOM,415000,
2023-07,TAMPINES,3 ROOM,420000,
2023-07,TAMPINES,3 ROOM,420000,
2023-07,TAMPINES,3 ROOM,425000,
2023-07,TAMPINES,3 ROOM,438000,
2023-07,TAMPINES,3 ROOM,393000,
2023-07,TAMPINES,3 ROOM,385000,
2023-07,TAMPINES,3 ROOM,395000,
2023-07,TAMPINES,3 ROOM,385000,
2023-07,TAMPINES,3 ROOM,406000,
2023-07,TAMPINES,3 ROOM,399000,
2023-07,TAMPINES,3 ROOM,410000,
2023-07,TAMPINES,3 ROOM,478000,
2023-07,TAMPINES,3 ROOM,430000,
2023-07,TAMPINES,3 ROOM,400000,
2023-07,TAMPINES,3 ROOM,430000,
2023-07,TAMPINES,3 ROOM,392000,
2023-07,TAMPINES,4 ROOM,500000,
2023-07,TAMPINES,4 ROOM,502000,
2023-07,TAMPINES,4 ROOM,500000,
2023-07,TAMPINES,4 ROOM,595000,
2023-07,TAMPINES,4 ROOM,560000,
2023-07,TAMPINES,4 ROOM,580000,
2023-07,TAMPINES,4 ROOM,545000,
2023-07,TAMPINES,4 ROOM,628688,
2023-07,TAMPINES,4 ROOM,595000,
2023-07,TAMPINES,4 ROOM,570000,
2023-07,TAMPINES,4 ROOM,606888,
2023-07,TAMPINES,4 ROOM,560000,
2023-07,TAMPINES,4 ROOM,710000,
2023-07,TAMPINES,4 ROOM,720000,
2023-07,TAMPINES,4 ROOM,515000,
2023-07,TAMPINES,4 ROOM,565000,
2023-07,TAMPINES,4 ROOM,538000,
2023-07,TAMPINES,4 ROOM,560000,
2023-07,TAMPINES,4 ROOM,510000,
2023-07,TAMPINES,4 ROOM,528000,
2023-07,TAMPINES,4 ROOM,585000,
2023-07,TAMPINES,4 ROOM,520000,
2023-07,TAMPINES,4 ROOM,495000,
2023-07,TAMPINES,4 ROOM,580000,
2023-07,TAMPINES,4 ROOM,505000,
2023-07,TAMPINES,4 ROOM,545000,
2023-07,TAMPINES,4 ROOM,485000,
2023-07,TAMPINES,4 ROOM,480000,
2023-07,TAMPINES,4 ROOM,556000,
2023-07,TAMPINES,4 ROOM,575000,
2023-07,TAMPINES,4 ROOM,543000,
2023-07,TAMPINES,4 ROOM,618000,
2023-07,TAMPINES,4 ROOM,675000,
2023-07,TAMPINES,4 ROOM,550000,
2023-07,TAMPINES,4 ROOM,610000,
2023-07,TAMPINES,4 ROOM,680000,
2023-07,TAMPINES,4 ROOM,615000,
2023-07,TAMPINES,4 ROOM,575000,
2023-07,TAMPINES,4 ROOM,545000,
2023-07,TAMPINES,4 ROOM,600000,
2023-07,TAMPINES,4 ROOM,573000,
2023-07,TAMPINES,4 ROOM,605000,
2023-07,TAMPINES,4 ROOM,508000,
2023-07,TAMPINES,4 ROOM,535000,
2023-07,TAMPINES,4 ROOM,495000,
2023-07,TAMPINES,4 ROOM,565000,
2023-07,TAMPINES,4 ROOM,568000,
2023-07,TAMPINES,4 ROOM,520000,
2023-07,TAMPINES,4 ROOM,540000,
2023-07,TAMPINES,4 ROOM,480000,
2023-07,TAMPINES,4 ROOM,558000,
2023-07,TAMPINES,4 ROOM,573000,
2023-07,TAMPINES,4 ROOM,591888,
2023-07,TAMPINES,4 ROOM,515000,
2023-07,TAMPINES,4 ROOM,690000,
2023-07,TAMPINES,4 ROOM,560000,
2023-07,TAMPINES,4 ROOM,530000,
2023-07,TAMPINES,4 ROOM,600000,
2023-07,TAMPINES,4 ROOM,540000,
2023-07,TAMPINES,4 ROOM,540000,
2023-07,TAMPINES,5 ROOM,680000,
2023-07,TAMPINES,5 ROOM,650000,
2023-07,TAMPINES,5 ROOM,670000,
2023-07,TAMPINES,5 ROOM,668000,
2023-07,TAMPINES,5 ROOM,650000,
2023-07,TAMPINES,5 ROOM,650000,
2023-07,TAMPINES,5 ROOM,700000,
2023-07,TAMPINES,5 ROOM,688000,
2023-07,TAMPINES,5 ROOM,693000,
2023-07,TAMPINES,5 ROOM,670000,
2023-07,TAMPINES,5 ROOM,660000,
2023-07,TAMPINES,5 ROOM,638000,
2023-07,TAMPINES,5 ROOM,828000,
2023-07,TAMPINES,5 ROOM,908000,
2023-07,TAMPINES,5 ROOM,670000,
2023-07,TAMPINES,5 ROOM,660000,
2023-07,TAMPINES,5 ROOM,650000,
2023-07,TAMPINES,5 ROOM,600000,
2023-07,TAMPINES,5 ROOM,628000,
2023-07,TAMPINES,5 ROOM,582888,
2023-07,TAMPINES,5 ROOM,712000,
2023-07,TAMPINES,5 ROOM,760000,
2023-07,TAMPINES,5 ROOM,745000,
2023-07,TAMPINES,5 ROOM,678000,
2023-07,TAMPINES,5 ROOM,660000,
2023-07,TAMPINES,5 ROOM,600000,
2023-07,TAMPINES,5 ROOM,680000,
2023-07,TAMPINES,5 ROOM,625000,
2023-07,TAMPINES,5 ROOM,620000,
2023-07,TAMPINES,5 ROOM,695000,
2023-07,TAMPINES,5 ROOM,680000,
2023-07,TAMPINES,5 ROOM,610000,
2023-07,TAMPINES,5 ROOM,780000,
2023-07,TAMPINES,5 ROOM,788888,
2023-07,TAMPINES,5 ROOM,660000,
2023-07,TAMPINES,5 ROOM,725000,
2023-07,TAMPINES,5 ROOM,728000,
2023-07,TAMPINES,5 ROOM,640000,
2023-07,TAMPINES,5 ROOM,645000,
2023-07,TAMPINES,5 ROOM,675000,
2023-07,TAMPINES,5 ROOM,795000,
2023-07,TAMPINES,5 ROOM,670000,
2023-07,TAMPINES,EXECUTIVE,900000,
2023-07,TAMPINES,EXECUTIVE,875000,
2023-07,TAMPINES,EXECUTIVE,853000,
2023-07,TAMPINES,EXECUTIVE,785000,
2023-07,TAMPINES,EXECUTIVE,800000,
2023-07,TAMPINES,EXECUTIVE,782000,
2023-07,TAMPINES,EXECUTIVE,850000,
2023-07,TAMPINES,EXECUTIVE,778888,
2023-07,TAMPINES,EXECUTIVE,910000,
2023-07,TAMPINES,EXECUTIVE,845000,
2023-07,TAMPINES,EXECUTIVE,838000,
2024-01,TAMPINES,2 ROOM,340000,
2024-01,TAMPINES,2 ROOM,328000,
2024-01,TAMPINES,3 ROOM,529000,
2024-01,TAMPINES,3 ROOM,545000,
2024-01,TAMPINES,3 ROOM,440000,
2024-01,TAMPINES,3 ROOM,500000,
2024-01,TAMPINES,3 ROOM,435000,
2024-01,TAMPINES,3 ROOM,410000,
2024-01,TAMPINES,3 ROOM,400000,
2024-01,TAMPINES,3 ROOM,438000,
2024-01,TAMPINES,3 ROOM,430000,
2024-01,TAMPINES,3 ROOM,456888,
2024-01,TAMPINES,3 ROOM,485000,
2024-01,TAMPINES,3 ROOM,440000,
2024-01,TAMPINES,3 ROOM,489000,
2024-01,TAMPINES,3 ROOM,465000,
2024-01,TAMPINES,3 ROOM,414000,
2024-01,TAMPINES,3 ROOM,445000,
2024-01,TAMPINES,3 ROOM,400000,
2024-01,TAMPINES,3 ROOM,430000,
2024-01,TAMPINES,3 ROOM,425000,
2024-01,TAMPINES,3 ROOM,401888,
2024-01,TAMPINES,3 ROOM,440000,
2024-01,TAMPINES,3 ROOM,406000,
2024-01,TAMPINES,3 ROOM,430000,
2024-01,TAMPINES,3 ROOM,410000,
2024-01,TAMPINES,3 ROOM,405000,
2024-01,TAMPINES,3 ROOM,435000,
2024-01,TAMPINES,3 ROOM,375000,
2024-01,TAMPINES,3 ROOM,485000,
2024-01,TAMPINES,3 ROOM,483000,
2024-01,TAMPINES,3 ROOM,548888,
2024-01,TAMPINES,3 ROOM,540000,
2024-01,TAMPINES,3 ROOM,508000,
2024-01,TAMPINES,3 ROOM,545000,
2024-01,TAMPINES,3 ROOM,418000,
2024-01,TAMPINES,4 ROOM,800000,
2024-01,TAMPINES,4 ROOM,580000,
2024-01,TAMPINES,4 ROOM,626000,
2024-01,TAMPINES,4 ROOM,510000,
2024-01,TAMPINES,4 ROOM,588000,
2024-01,TAMPINES,4 ROOM,605000,
2024-01,TAMPINES,4 ROOM,580000,
2024-01,TAMPINES,4 ROOM,758000,
2024-01,TAMPINES,4 ROOM,760888,
2024-01,TAMPINES,4 ROOM,560000,
2024-01,TAMPINES,4 ROOM,555000,
2024-01,TAMPINES,4 ROOM,645000,
2024-01,TAMPINES,4 ROOM,600000,
2024-01,TAMPINES,4 ROOM,720000,
2024-01,TAMPINES,4 ROOM,650000,
2024-01,TAMPINES,4 ROOM,738000,
2024-01,TAMPINES,4 ROOM,598888,
2024-01,TAMPINES,4 ROOM,638000,
2024-01,TAMPINES,4 ROOM,573168,
2024-01,TAMPINES,4 ROOM,570000,
2024-01,TAMPINES,4 ROOM,611000,
2024-01,TAMPINES,4 ROOM,555000,
2024-01,TAMPINES,4 ROOM,570000,
2024-01,TAMPINES,4 ROOM,545888,
2024-01,TAMPINES,4 ROOM,585000,
2024-01,TAMPINES,4 ROOM,578000,
2024-01,TAMPINES,4 ROOM,575000,
2024-01,TAMPINES,4 ROOM,560000,
2024-01,TAMPINES,4 ROOM,558000,
2024-01,TAMPINES,4 ROOM,556000,
2024-01,TAMPINES,4 ROOM,585000,
2024-01,TAMPINES,4 ROOM,508000,
2024-01,TAMPINES,4 ROOM,568000,
2024-01,TAMPINES,4 ROOM,545000,
2024-01,TAMPINES,4 ROOM,570000,
2024-01,TAMPINES,4 ROOM,575000,
2024-01,TAMPINES,4 ROOM,510000,
2024-01,TAMPINES,4 ROOM,515000,
2024-01,TAMPINES,4 ROOM,628000,
2024-01,TAMPINES,4 ROOM,608888,
2024-01,TAMPINES,4 ROOM,525000,
2024-01,TAMPINES,4 ROOM,548000,
2024-01,TAMPINES,4 ROOM,608000,
2024-01,TAMPINES,4 ROOM,605000,
2024-01,TAMPINES,4 ROOM,655000,
2024-01,TAMPINES,4 ROOM,595000,
2024-01,TAMPINES,4 ROOM,615000,
2024-01,TAMPINES,4 ROOM,710000,
2024-01,TAMPINES,4 ROOM,725000,
2024-01,TAMPINES,4 ROOM,705000,
2024-01,TAMPINES,4 ROOM,695000,
2024-01,TAMPINES,4 ROOM,725000,
2024-01,TAMPINES,4 ROOM,730000,
2024-01,TAMPINES,4 ROOM,730000,
2024-01,TAMPINES,4 ROOM,750000,
2024-01,TAMPINES,4 ROOM,720000,
2024-01,TAMPINES,4 ROOM,745000,
2024-01,TAMPINES,4 ROOM,695000,
2024-01,TAMPINES,4 ROOM,725000,
2024-01,TAMPINES,4 ROOM,722888,
2024-01,TAMPINES,4 ROOM,745000,
2024-01,TAMPINES,4 ROOM,730888,
2024-01,TAMPINES,4 ROOM,720000,
2024-01,TAMPINES,4 ROOM,755000,
2024-01,TAMPINES,4 ROOM,568000,
2024-01,TAMPINES,4 ROOM,560000,
2024-01,TAMPINES,4 ROOM,650000,
2024-01,TAMPINES,4 ROOM,592000,
2024-01,TAMPINES,4 ROOM,608000,
2024-01,TAMPINES,4 ROOM,565000,
2024-01,TAMPINES,4 ROOM,625000,
2024-01,TAMPINES,4 ROOM,588888,
2024-01,TAMPINES,4 ROOM,605000,
2024-01,TAMPINES,4 ROOM,568000,
2024-01,TAMPINES,4 ROOM,635000,
2024-01,TAMPINES,4 ROOM,500000,
2024-01,TAMPINES,4 ROOM,510000,
2024-01,TAMPINES,4 ROOM,495000,
2024-01,TAMPINES,4 ROOM,520000,
2024-01,TAMPINES,4 ROOM,560000,
2024-01,TAMPINES,4 ROOM,576888,
2024-01,TAMPINES,4 ROOM,688888,
2024-01,TAMPINES,4 ROOM,700000,
2024-01,TAMPINES,4 ROOM,700000,
2024-01,TAMPINES,4 ROOM,560000,
2024-01,TAMPINES,4 ROOM,580000,
2024-01,TAMPINES,5 ROOM,888000,
2024-01,TAMPINES,5 ROOM,850000,
2024-01,TAMPINES,5 ROOM,725000,
2024-01,TAMPINES,5 ROOM,690000,
2024-01,TAMPINES,5 ROOM,628888,
2024-01,TAMPINES,5 ROOM,720000,
2024-01,TAMPINES,5 ROOM,700000,
2024-01,TAMPINES,5 ROOM,682000,
2024-01,TAMPINES,5 ROOM,678888,
2024-01,TAMPINES,5 ROOM,700000,
2024-01,TAMPINES,5 ROOM,740000,
2024-01,TAMPINES,5 ROOM,745000,
2024-01,TAMPINES,5 ROOM,680000,
2024-01,TAMPINES,5 ROOM,676000,
2024-01,TAMPINES,5 ROOM,650000,
2024-01,TAMPINES,5 ROOM,632000,
2024-01,TAMPINES,5 ROOM,980000,
2024-01,TAMPINES,5 ROOM,712000,
2024-01,TAMPINES,5 ROOM,630000,
2024-01,TAMPINES,5 ROOM,580000,
2024-01,TAMPINES,5 ROOM,688000,
2024-01,TAMPINES,5 ROOM,645000,
2024-01,TAMPINES,5 ROOM,730000,
2024-01,TAMPINES,5 ROOM,788000,
2024-01,TAMPINES,5 ROOM,725000,
2024-01,TAMPINES,5 ROOM,710800,
2024-01,TAMPINES,5 ROOM,695000,
2024-01,TAMPINES,5 ROOM,726000,
2024-01,TAMPINES,5 ROOM,805000,
2024-01,TAMPINES,5 ROOM,852000,
2024-01,TAMPINES,5 ROOM,718000,
2024-01,TAMPINES,5 ROOM,740000,
2024-01,TAMPINES,5 ROOM,700000,
2024-01,TAMPINES,5 ROOM,750000,
2024-01,TAMPINES,5 ROOM,662000,
2024-01,TAMPINES,5 ROOM,725000,
2024-01,TAMPINES,5 ROOM,689000,
2024-01,TAMPINES,5 ROOM,668000,
2024-01,TAMPINES,5 ROOM,640000,
2024-01,TAMPINES,5 ROOM,708000,
2024-01,TAMPINES,5 ROOM,668000,
2024-01,TAMPINES,5 ROOM,810000,
2024-01,TAMPINES,EXECUTIVE,905000,
2024-01,TAMPINES,EXECUTIVE,850000,
2024-01,TAMPINES,EXECUTIVE,818000,
2024-01,TAMPINES,EXECUTIVE,838000,
2024-01,TAMPINES,EXECUTIVE,855000,
2024-01,TAMPINES,EXECUTIVE,845000,
2024-01,TAMPINES,EXECUTIVE,850000,
2024-01,TAMPINES,EXECUTIVE,810000,
2024-01,TAMPINES,EXECUTIVE,788000,
2024-01,TAMPINES,EXECUTIVE,832000,
2024-01,TAMPINES,EXECUTIVE,850888,
2024-01,TAMPINES,EXECUTIVE,850000,
2024-01,TAMPINES,EXECUTIVE,1000000,
2024-01,TAMPINES,EXECUTIVE,930000,
2024-07,TAMPINES,2 ROOM,363000,
2024-07,TAMPINES,2 ROOM,350000,
2024-07,TAMPINES,2 ROOM,365000,
2024-07,TAMPINES,3 ROOM,550000,
2024-07,TAMPINES,3 ROOM,458000,
2024-07,TAMPINES,3 ROOM,455000,
2024-07,TAMPINES,3 ROOM,473888,
2024-07,TAMPINES,3 ROOM,525000,
2024-07,TAMPINES,3 ROOM,545000,
2024-07,TAMPINES,3 ROOM,525000,
2024-07,TAMPINES,3 ROOM,542000,
2024-07,TAMPINES,3 ROOM,588000,
2024-07,TAMPINES,3 ROOM,430000,
2024-07,TAMPINES,3 ROOM,425000,
2024-07,TAMPINES,3 ROOM,488000,
2024-07,TAMPINES,3 ROOM,479000,
2024-07,TAMPINES,3 ROOM,440000,
2024-07,TAMPINES,3 ROOM,423000,
2024-07,TAMPINES,3 ROOM,425000,
2024-07,TAMPINES,3 ROOM,470000,
2024-07,TAMPINES,3 ROOM,493888,
2024-07,TAMPINES,3 ROOM,440000,
2024-07,TAMPINES,3 ROOM,475000,
2024-07,TAMPINES,3 ROOM,490000,
2024-07,TAMPINES,3 ROOM,420000,
2024-07,TAMPINES,3 ROOM,432000,
2024-07,TAMPINES,3 ROOM,445000,
2024-07,TAMPINES,3 ROOM,400000,
2024-07,TAMPINES,3 ROOM,435000,
2024-07,TAMPINES,3 ROOM,460000,
2024-07,TAMPINES,3 ROOM,450000,
2024-07,TAMPINES,3 ROOM,448000,
2024-07,TAMPINES,3 ROOM,425000,
2024-07,TAMPINES,3 ROOM,425000,
2024-07,TAMPINES,3 ROOM,425000,
2024-07,TAMPINES,3 ROOM,440000,
2024-07,TAMPINES,3 ROOM,405000,
2024-07,TAMPINES,3 ROOM,410000,
2024-07,TAMPINES,3 ROOM,450888,
2024-07,TAMPINES,3 ROOM,458000,
2024-07,TAMPINES,3 ROOM,450000,
2024-07,TAMPINES,3 ROOM,589000,
2024-07,TAMPINES,3 ROOM,540000,
2024-07,TAMPINES,3 ROOM,565000,
2024-07,TAMPINES,3 ROOM,595000,
2024-07,TAMPINES,3 ROOM,550000,
2024-07,TAMPINES,3 ROOM,555000,
2024-07,TAMPINES,3 ROOM,566000,
2024-07,TAMPINES,3 ROOM,442000,
2024-07,TAMPINES,3 ROOM,410000,
2024-07,TAMPINES,3 ROOM,457000,
2024-07,TAMPINES,3 ROOM,458000,
2024-07,TAMPINES,3 ROOM,455000,
2024-07,TAMPINES,4 ROOM,610000,
2024-07,TAMPINES,4 ROOM,628000,
2024-07,TAMPINES,4 ROOM,600000,
2024-07,TAMPINES,4 ROOM,555888,
2024-07,TAMPINES,4 ROOM,526000,
2024-07,TAMPINES,4 ROOM,505000,
2024-07,TAMPINES,4 ROOM,640000,
2024-07,TAMPINES,4 ROOM,663888,
2024-07,TAMPINES,4 ROOM,640000,
2024-07,TAMPINES,4 ROOM,605011,
2024-07,TAMPINES,4 ROOM,650000,
2024-07,TAMPINES,4 ROOM,750000,
2024-07,TAMPINES,4 ROOM,785000,
2024-07,TAMPINES,4 ROOM,793000,
2024-07,TAMPINES,4 ROOM,773000,
2024-07,TAMPINES,4 ROOM,590000,
2024-07,TAMPINES,4 ROOM,680000,
2024-07,TAMPINES,4 ROOM,628000,
2024-07,TAMPINES,4 ROOM,670000,
2024-07,TAMPINES,4 ROOM,705500,
2024-07,TAMPINES,4 ROOM,692000,
2024-07,TAMPINES,4 ROOM,670000,
2024-07,TAMPINES,4 ROOM,690000,
2024-07,TAMPINES,4 ROOM,785000,
2024-07,TAMPINES,4 ROOM,755000,
2024-07,TAMPINES,4 ROOM,705000,
2024-07,TAMPINES,4 ROOM,759000,
2024-07,TAMPINES,4 ROOM,590000,
2024-07,TAMPINES,4 ROOM,730000,
2024-07,TAMPINES,4 ROOM,570000,
2024-07,TAMPINES,4 ROOM,780000,
2024-07,TAMPINES,4 ROOM,778000,
2024-07,TAMPINES,4 ROOM,835000,
2024-07,TAMPINES,4 ROOM,555000,
2024-07,TAMPINES,4 ROOM,600000,
2024-07,TAMPINES,4 ROOM,595000,
2024-07,TAMPINES,4 ROOM,685000,
2024-07,TAMPINES,4 ROOM,618888,
2024-07,TAMPINES,4 ROOM,590000,
2024-07,TAMPINES,4 ROOM,730000,
2024-07,TAMPINES,4 ROOM,520000,
2024-07,TAMPINES,4 ROOM,650000,
2024-07,TAMPINES,4 ROOM,715000,
2024-07,TAMPINES,4 ROOM,650000,
2024-07,TAMPINES,4 ROOM,566000,
2024-07,TAMPINES,4 ROOM,638000,
2024-07,TAMPINES,4 ROOM,625000,
2024-07,TAMPINES,4 ROOM,580000,
2024-07,TAMPINES,4 ROOM,585000,
2024-07,TAMPINES,4 ROOM,605000,
2024-07,TAMPINES,4 ROOM,550000,
2024-07,TAMPINES,4 ROOM,535088,
2024-07,TAMPINES,4 ROOM,531000,
2024-07,TAMPINES,4 ROOM,525000,
2024-07,TAMPINES,4 ROOM,523000,
2024-07,TAMPINES,4 ROOM,627000,
2024-07,TAMPINES,4 ROOM,530000,
2024-07,TAMPINES,4 ROOM,525000,
2024-07,TAMPINES,4 ROOM,690000,
2024-07,TAMPINES,4 ROOM,600000,
2024-07,TAMPINES,4 ROOM,685000,
2024-07,TAMPINES,4 ROOM,600000,
2024-07,TAMPINES,4 ROOM,723000,
2024-07,TAMPINES,4 ROOM,755800,
2024-07,TAMPINES,4 ROOM,730000,
2024-07,TAMPINES,4 ROOM,753000,
2024-07,TAMPINES,4 ROOM,760000,
2024-07,TAMPINES,4 ROOM,677000,
2024-07,TAMPINES,4 ROOM,730000,
2024-07,TAMPINES,4 ROOM,718000,
2024-07,TAMPINES,4 ROOM,750000,
2024-07,TAMPINES,4 ROOM,640000,
2024-07,TAMPINES,4 ROOM,620000,
2024-07,TAMPINES,4 ROOM,640000,
2024-07,TAMPINES,4 ROOM,615000,
2024-07,TAMPINES,4 ROOM,600000,
2024-07,TAMPINES,4 ROOM,625000,
2024-07,TAMPINES,4 ROOM,640000,
2024-07,TAMPINES,4 ROOM,632000,
2024-07,TAMPINES,4 ROOM,630000,
2024-07,TAMPINES,4 ROOM,570000,
2024-07,TAMPINES,4 ROOM,610000,
2024-07,TAMPINES,4 ROOM,550000,
2024-07,TAMPINES,4 ROOM,556000,
2024-07,TAMPINES,4 ROOM,598000,
2024-07,TAMPINES,4 ROOM,587000,
2024-07,TAMPINES,4 ROOM,650000,
2024-07,TAMPINES,5 ROOM,710000,
2024-07,TAMPINES,5 ROOM,705000,
2024-07,TAMPINES,5 ROOM,653888,
2024-07,TAMPINES,5 ROOM,700000,
2024-07,TAMPINES,5 ROOM,695000,
2024-07,TAMPINES,5 ROOM,715000,
2024-07,TAMPINES,5 ROOM,720000,
2024-07,TAMPINES,5 ROOM,690000,
2024-07,TAMPINES,5 ROOM,720000,
2024-07,TAMPINES,5 ROOM,695000,
2024-07,TAMPINES,5 ROOM,800088,
2024-07,TAMPINES,5 ROOM,660000,
2024-07,TAMPINES,5 ROOM,780000,
2024-07,TAMPINES,5 ROOM,725000,
2024-07,TAMPINES,5 ROOM,938888,
2024-07,TAMPINES,5 ROOM,965888,
2024-07,TAMPINES,5 ROOM,930000,
2024-07,TAMPINES,5 ROOM,908000,
2024-07,TAMPINES,5 ROOM,898000,
2024-07,TAMPINES,5 ROOM,940000,
2024-07,TAMPINES,5 ROOM,938888,
2024-07,TAMPINES,5 ROOM,875000,
2024-07,TAMPINES,5 ROOM,880000,
2024-07,TAMPINES,5 ROOM,980000,
2024-07,TAMPINES,5 ROOM,735000,
2024-07,TAMPINES,5 ROOM,772888,
2024-07,TAMPINES,5 ROOM,708000,
2024-07,TAMPINES,5 ROOM,700888,
2024-07,TAMPINES,5 ROOM,680000,
2024-07,TAMPINES,5 ROOM,676000,
2024-07,TAMPINES,5 ROOM,715888,
2024-07,TAMPINES,5 ROOM,720000,
2024-07,TAMPINES,5 ROOM,690000,
2024-07,TAMPINES,5 ROOM,700000,
2024-07,TAMPINES,5 ROOM,738000,
2024-07,TAMPINES,5 ROOM,645000,
2024-07,TAMPINES,5 ROOM,690000,
2024-07,TAMPINES,5 ROOM,810000,
2024-07,TAMPINES,5 ROOM,720000,
2024-07,TAMPINES,5 ROOM,700000,
2024-07,TAMPINES,5 ROOM,670000,
2024-07,TAMPINES,5 ROOM,682000,
2024-07,TAMPINES,5 ROOM,698000,
2024-07,TAMPINES,5 ROOM,900000,
2024-07,TAMPINES,5 ROOM,915000,
2024-07,TAMPINES,5 ROOM,738000,
2024-07,TAMPINES,5 ROOM,740000,
2024-07,TAMPINES,5 ROOM,730000,
2024-07,TAMPINES,5 ROOM,858000,
2024-07,TAMPINES,5 ROOM,685000,
2024-07,TAMPINES,EXECUTIVE,1008888,
2024-07,TAMPINES,EXECUTIVE,968888,
2024-07,TAMPINES,EXECUTIVE,900000,
2024-07,TAMPINES,EXECUTIVE,900000,
2024-07,TAMPINES,EXECUTIVE,707900,
2024-07,TAMPINES,EXECUTIVE,928888,
2024-07,TAMPINES,EXECUTIVE,980000,
2024-07,TAMPINES,EXECUTIVE,978000,
2024-07,TAMPINES,EXECUTIVE,830000,
2024-07,TAMPINES,EXECUTIVE,825000,
2024-07,TAMPINES,EXECUTIVE,840000,
